simulate_model,fit_model,iteration,input_param_1,input_param_2,output_param_1,output_param_2
TD,TD,1,0.179463661,0.136247136,0.093824009,0.087584909
TD,TD,2,0.564305639,0.138104361,0.583819872,0.13421872
TD,TD,3,0.687881952,0.09172036,0.586151428,0.078117844
TD,TD,4,0.643592332,0.309923729,0.495779711,0.260546662
TD,TD,5,0.743735617,0.025059081,0.362784019,0.032627963
TD,TD,6,0.418152316,1.415573711,0.415825655,1.413308823
TD,TD,7,0.512361443,2.533356307,0.505894979,1.96365148
TD,TD,8,0.376672687,0.350622252,0.425719098,0.355293989
TD,TD,9,0.962998717,0.235943157,0.988826798,0.247187848
TD,TD,10,0.856150234,0.541553966,0.910086978,0.518167256
TD,TD,11,0.385291233,0.427509493,0.388105235,0.437886257
TD,TD,12,0.96834087,1.811855482,0.977257453,2.171389304
TD,TD,13,0.354148893,0.567221201,0.353442528,0.560521774
TD,TD,14,0.627557795,0.545777038,0.594897693,0.566231423
TD,TD,15,0.041212824,0.937895672,0.050124857,1.466253719
TD,TD,16,0.138546201,1.232453338,0.116374909,1.2638035
TD,TD,17,0.304477522,1.319759268,0.316243833,1.132936056
TD,TD,18,0.605261379,0.092296533,0.646827926,0.087215256
TD,TD,19,0.504132626,0.103926726,0.485400432,0.103656999
TD,TD,20,0.768545605,0.219271513,0.804852488,0.207660697
TD,TD,21,0.951515213,1.434969129,0.975974199,1.5177875
TD,TD,22,0.398060029,0.199094881,0.827640393,0.238941201
TD,TD,23,0.205695615,0.23414011,0.159269737,0.254939329
TD,TD,24,0.163630939,0.093204371,0.299971701,0.043553578
TD,TD,25,0.223726373,0.871414048,0.216090883,0.879844756
TD,TD,26,0.3953832,2.978447452,0.398682673,2.015495546
TD,TD,27,0.684394893,0.178033233,0.6888266,0.171509629
TD,TD,28,0.345346987,0.517252521,0.354498919,0.552681953
TD,TD,29,0.166877669,2.681370454,0.245878869,3.645882383
TD,TD,30,0.520375789,2.757656919,0.49957669,1.952130127
TD,TD,31,0.850004101,3.244167472,0.840429699,1.660288678
TD,TD,32,0.090905986,0.261748617,0.099164529,0.270571599
TD,TD,33,0.029101034,0.456912068,0.020451214,0.729850615
TD,TD,34,0.859444253,1.383763994,0.83310989,1.542303457
TD,TD,35,0.268753888,1.028755672,0.302561589,1.064147765
TD,TD,36,0.32485665,0.45181685,0.308539208,0.456765872
TD,TD,37,0.573773125,1.643835945,0.56151335,1.934033221
TD,TD,38,0.668637644,0.667955453,0.662555474,0.677531614
TD,TD,39,0.450717967,0.085404995,0.404810346,0.053938592
TD,TD,40,0.545069908,0.407168023,0.51956985,0.434085901
TD,TD,41,0.168013436,1.265227287,0.179298479,1.233292879
TD,TD,42,0.577644657,2.763318268,0.570242887,1.957458396
TD,TD,43,0.757329392,0.171753547,0.694256158,0.173016409
TD,TD,44,0.141993039,0.059725204,0.540611281,0.009259606
TD,TD,45,0.332354452,0.239088043,0.351872464,0.256456184
TD,TD,46,0.532122149,0.590601022,0.559193529,0.585569213
TD,TD,47,0.127578144,0.75522685,0.107194725,0.845506381
TD,TD,48,0.649227378,1.199247332,0.625372684,1.103044756
TD,TD,49,0.367658177,0.649607759,0.357714727,0.657412559
TD,TD,50,0.482117911,0.201892485,0.467959517,0.25382339
TD,TD,51,0.051865399,0.584684026,0.036707417,0.600602527
TD,TD,52,0.969402456,1.196873841,0.953490978,1.230866562
TD,TD,53,0.873640635,0.024798441,0.59112822,0.028014526
TD,TD,54,0.835734756,2.704851961,0.843514007,1.968693807
TD,TD,55,0.908960128,3.935249468,0.976798071,2.218667923
TD,TD,56,0.841305097,0.772663979,0.848270352,0.835350589
TD,TD,57,0.433500624,4.375607956,0.409050909,2.519628119
TD,TD,58,0.851458078,0.407639476,0.872491658,0.414123868
TD,TD,59,0.551182674,4.095665073,0.502276966,1.961949675
TD,TD,60,0.056870291,0.583106418,0.046824398,0.549633674
TD,TD,61,0.353399971,1.059024482,0.340809086,1.145587103
TD,TD,62,0.177933917,0.016322426,0.159286739,0.031620959
TD,TD,63,0.710079871,0.617323798,0.571243664,0.584387515
TD,TD,64,0.244605865,3.933805024,0.248825001,2.811373669
TD,TD,65,0.814670842,0.807339788,0.803989239,0.80245721
TD,TD,66,0.880998409,1.677463472,0.868469834,1.901193353
TD,TD,67,0.654281647,0.765825291,0.684974726,0.697037691
TD,TD,68,0.323079132,0.418859637,0.282606915,0.408628827
TD,TD,69,0.03831017,1.332908039,0.078525973,1.304704652
TD,TD,70,0.215542316,0.869408443,0.225502696,0.784160758
TD,TD,71,0.570079828,6.398612175,0.515204637,1.5807645
TD,TD,72,0.965065092,1.961871861,0.974175655,2.122277928
TD,TD,73,0.595574985,0.420041866,0.55859767,0.427600086
TD,TD,74,0.989290425,0.063518961,0.222183236,0.119252888
TD,TD,75,0.011810906,0.979795556,0.017872975,0.518695971
TD,TD,76,0.195937763,0.255222526,0.152335167,0.251459788
TD,TD,77,0.220019108,4.456701118,0.212150309,2.156841774
TD,TD,78,0.627519844,0.126541976,0.582406818,0.139031813
TD,TD,79,0.074388273,1.443886643,0.089618076,1.718892183
TD,TD,80,0.526033297,0.539925115,0.534637513,0.539587733
TD,TD,81,0.197539768,0.603890468,0.198715449,0.600798563
TD,TD,82,0.540988502,1.044659719,0.557305028,1.086705761
TD,TD,83,0.618125262,0.974486652,0.568985727,0.876949479
TD,TD,84,0.198609929,0.895613939,0.211192808,0.875598183
TD,TD,85,0.409041988,0.070083802,0.345343198,0.056293208
TD,TD,86,0.314365274,0.724606852,0.32958541,0.71836802
TD,TD,87,0.325648125,3.371049213,0.284557394,2.67873799
TD,TD,88,0.811670707,1.067546281,0.785714114,1.002188141
TD,TD,89,0.150383196,0.243249503,0.201541373,0.223342214
TD,TD,90,0.743121551,0.404752551,0.872850938,0.449385002
TD,TD,91,0.301974278,1.185406812,0.312320056,1.222131964
TD,TD,92,0.617473161,2.871134408,0.612049238,1.961028174
TD,TD,93,0.662254871,1.123980956,0.685995029,1.091380958
TD,TD,94,0.55186015,1.085463866,0.564988071,1.052607748
TD,TD,95,0.576476927,0.523911568,0.696140916,0.571970904
TD,TD,96,0.420166409,0.451526998,0.421726117,0.418489978
TD,TD,97,0.208097559,0.01624179,0.203888948,0.038894991
TD,TD,98,0.639181791,1.962116595,0.628046737,2.359500125
TD,TD,99,0.332020805,0.097165051,0.325224838,0.087440163
TD,TD,100,0.126542669,0.560869194,0.134159748,0.661573949
