"fit_model","Subject","ACC","LogL","LogPr","LogPo","AIC","BIC","param_1","param_2","param_3"
"TD","1",100,239.95,NA,NA,483.9,491.67,0,0.0305861439076447,NA
"TD","2",100,203.76,NA,NA,411.52,419.29,0.692568573299322,0.0693950631326719,NA
"TD","3",100,251.11,NA,NA,506.22,513.99,0.01,0.01,NA
"TD","4",100,61.71,NA,NA,127.42,135.19,0.00835976309202903,1.84747271842007,NA
"TD","5",100,147.13,NA,NA,298.26,306.03,0,1.26819553744418,NA
"TD","6",100,255.31,NA,NA,514.62,522.39,0.01,0.01,NA
"TD","7",100,144,NA,NA,292,299.77,0.980965684531105,0.687952658847947,NA
"TD","8",100,151.99,NA,NA,307.98,315.75,0.955006198447067,0.508359039270638,NA
"TD","9",100,152.36,NA,NA,308.72,316.49,0,0.41113851826221,NA
"TD","10",100,51.41,NA,NA,106.82,114.59,0,1.30564568197436,NA
"TD","11",100,104.96,NA,NA,213.92,221.69,0,0.642722512794912,NA
"TD","12",100,213.74,NA,NA,431.48,439.25,0,0.119483316459045,NA
"TD","13",100,126.14,NA,NA,256.28,264.05,0.941675677063934,0.953694641433341,NA
"TD","14",100,76.52,NA,NA,157.04,164.81,0,0.703934398742995,NA
"TD","15",100,186.84,NA,NA,377.68,385.45,1,0.546995495833538,NA
"TD","16",100,126.84,NA,NA,257.68,265.45,0.955533375510246,1.1430888822659,NA
"TD","17",100,198.49,NA,NA,400.98,408.75,0.0390296263034065,0.342485495764589,NA
"TD","18",100,208.26,NA,NA,420.52,428.29,0,0.296755532383189,NA
"TD","19",100,192.77,NA,NA,389.54,397.31,0,0.38290017548815,NA
"TD","20",100,105.28,NA,NA,214.56,222.33,1,1.19108714108288,NA
"TD","21",100,101.63,NA,NA,207.26,215.03,0.920170262799983,1.64838032253451,NA
"TD","22",100,105.39,NA,NA,214.78,222.55,0.956911089509052,6.78120196216112,NA
"TD","23",100,46.34,NA,NA,96.68,104.45,0,4.59081853668154,NA
"TD","24",100,231.45,NA,NA,466.9,474.67,0,0.021533202492564,NA
"TD","25",100,91.83,NA,NA,187.66,195.43,0,0.662728975502521,NA
"TD","26",100,232.2,NA,NA,468.4,476.17,0.988919430779899,0.516422244716348,NA
"TD","27",100,135.32,NA,NA,274.64,282.41,0.984697473306488,0.864215012759683,NA
"TD","28",100,230.36,NA,NA,464.72,472.49,0.01,0.01,NA
"TD","29",100,126.24,NA,NA,256.48,264.25,0.00400512754991416,0.850880651492062,NA
"TD","31",100,121.74,NA,NA,247.48,255.25,1,0.85664248484404,NA
"TD","32",100,111.31,NA,NA,226.62,234.39,0,0.531860983688936,NA
"TD","34",100,83.78,NA,NA,171.56,179.33,0.980603880515194,6.92411450256675,NA
"TD","35",100,146.3,NA,NA,296.6,304.37,0.949947312934479,0.859044666421053,NA
"TD","36",100,223.26,NA,NA,450.52,458.29,0.915107410307188,0.839063630762396,NA
"TD","37",100,134.72,NA,NA,273.44,281.21,0.982688514233794,0.783072966113397,NA
"TD","38",100,952.03,NA,NA,1908.06,1915.83,0.01,0.01,NA
"TD","39",100,254.59,NA,NA,513.18,520.95,0.01,0.01,NA
"TD","40",100,132,NA,NA,268,275.77,0.00619522099105821,0.53857144813891,NA
"TD","41",100,149.56,NA,NA,303.12,310.89,0.948094675153901,0.732536304815363,NA
"TD","42",100,82.36,NA,NA,168.72,176.49,0.914935645571007,1.39443270530878,NA
"TD","43",100,39.27,NA,NA,82.54,90.31,0,1.00255590585262,NA
"TD","44",100,58.73,NA,NA,121.46,129.23,0,1.11510661225531,NA
"TD","45",100,69.31,NA,NA,142.62,150.39,0,3.09134319300437,NA
"TD","46",100,129.83,NA,NA,263.66,271.43,0.00337077882523659,0.825655955062852,NA
"TD","47",100,219.57,NA,NA,443.14,450.91,1,0.798192527066159,NA
"TD","48",100,240.13,NA,NA,484.26,492.03,0.01,0.01,NA
"TD","49",100,147.68,NA,NA,299.36,307.13,0.963057918588457,0.77277095740005,NA
"TD","50",100,322.5,NA,NA,649,656.77,0.07498411141678,0.105278728580233,NA
"TD","51",100,180.28,NA,NA,364.56,372.33,0.976785323876129,7.92484955496181,NA
"TD","52",100,231.4,NA,NA,466.8,474.57,0.994172006694451,0.478569817377877,NA
"TD","53",100,234.75,NA,NA,473.5,481.27,0.01,0.01,NA
"TD","54",100,193.03,NA,NA,390.06,397.83,0,0.469025835307816,NA
"TD","55",100,53.33,NA,NA,110.66,118.43,0,1.03384309286873,NA
"TD","56",100,70.87,NA,NA,145.74,153.51,0,0.842329973182935,NA
"TD","57",100,410.04,NA,NA,824.08,831.85,0.940145549521782,6.53708365959666,NA
"TD","58",100,91.25,NA,NA,186.5,194.27,0,0.728544306686218,NA
"TD","59",100,137.04,NA,NA,278.08,285.85,0.998583510335565,0.802482760279728,NA
"TD","60",100,118.09,NA,NA,240.18,247.95,0.0258319172114552,0.517689665084392,NA
"TD","61",100,242.65,NA,NA,489.3,497.07,0.01,0.01,NA
"TD","62",100,219.31,NA,NA,442.62,450.39,0.909304772534959,0.0353572552652995,NA
"TD","63",100,124.43,NA,NA,252.86,260.63,1,1.70940048145019,NA
"TD","64",100,41.41,NA,NA,86.82,94.59,0,0.94177754031683,NA
"TD","65",100,250.31,NA,NA,504.62,512.39,0.01,0.01,NA
"TD","67",100,121.76,NA,NA,247.52,255.29,0.00831133462612215,0.603224271715439,NA
"TD","68",100,215.21,NA,NA,434.42,442.19,0.97907610346314,0.51360252050257,NA
"TD","69",100,247.31,NA,NA,498.62,506.39,0.0173228547210092,0.00412043165082425,NA
"TD","70",100,141.07,NA,NA,286.14,293.91,1,0.729358905954214,NA
"TD","71",100,225.92,NA,NA,455.84,463.61,0,0.0335645701145198,NA
"TD","72",100,249.34,NA,NA,502.68,510.45,0.280314875145978,8.01211394309648e-05,NA
"TD","73",100,87.61,NA,NA,179.22,186.99,0.00422683519752718,2.78110300377009,NA
"TD","74",100,249.53,NA,NA,503.06,510.83,0.0228395313350809,0,NA
"TD","75",100,225.11,NA,NA,454.22,461.99,0.01,0.01,NA
"TD","76",100,253.51,NA,NA,511.02,518.79,0.01,0.01,NA
"TD","77",100,169.12,NA,NA,342.24,350.01,0.935681070944304,0.727965967339589,NA
"TD","78",100,53.59,NA,NA,111.18,118.95,0.0105204409431659,3.71482154145734,NA
"TD","79",100,160.92,NA,NA,325.84,333.61,0.996118762230402,0.752595670197995,NA
"TD","80",100,102.43,NA,NA,208.86,216.63,0.00570516292700883,0.727605379444972,NA
"TD","81",100,165.81,NA,NA,335.62,343.39,1,2.75102405630757,NA
"TD","82",100,94.59,NA,NA,193.18,200.95,0,1.01570718251269,NA
"TD","83",100,163.85,NA,NA,331.7,339.47,0.970949470359652,0.748453162195903,NA
"TD","84",100,142.53,NA,NA,289.06,296.83,1,1.27028434180556,NA
"TD","85",100,193.13,NA,NA,390.26,398.03,1,0.467855084167123,NA
"TD","86",100,92.25,NA,NA,188.5,196.27,0.989381502778433,1.96246876941454,NA
"TD","87",100,208.5,NA,NA,421,428.77,0.913305411628742,0.552247504903972,NA
"TD","88",100,228.83,NA,NA,461.66,469.43,0.147750269929437,0.0320081520929647,NA
"TD","89",100,143.42,NA,NA,290.84,298.61,1,0.592634345182017,NA
"TD","90",100,200.38,NA,NA,404.76,412.53,0,0.164974231519355,NA
"TD","91",100,134.37,NA,NA,272.74,280.51,0,0.553679532796855,NA
"TD","92",100,196.59,NA,NA,397.18,404.95,0.955988631769932,0.624700639675361,NA
"TD","93",100,142.14,NA,NA,288.28,296.05,0,0.49765099843258,NA
"TD","94",100,832.69,NA,NA,1669.38,1677.15,0,1.31230017648972,NA
"TD","95",100,126.07,NA,NA,256.14,263.91,0,0.554281612548982,NA
"TD","96",100,224.99,NA,NA,453.98,461.75,0,0.0370099057256324,NA
"TD","97",100,72.04,NA,NA,148.08,155.85,0.00465576836835205,0.940603223565375,NA
"TD","98",100,140.44,NA,NA,284.88,292.65,1.4715580754388e-07,0.507112772528968,NA
"TD","99",100,103.55,NA,NA,211.1,218.87,0,0.861862624314335,NA
"TD","100",100,83.94,NA,NA,171.88,179.65,0,0.833699275713901,NA
"TD","101",100,186.56,NA,NA,377.12,384.89,0,0.308018692140543,NA
"TD","102",100,87.11,NA,NA,178.22,185.99,0.00354303158347746,1.62848198820355,NA
"TD","103",100,287.53,NA,NA,579.06,586.83,0.01,0.01,NA
"TD","104",100,101.42,NA,NA,206.84,214.61,0.99224978044983,1.89186659306026,NA
"TD","105",100,69.03,NA,NA,142.06,149.83,0.00615133092167163,2.63291278367128,NA
"TD","106",100,235.15,NA,NA,474.3,482.07,0.01,0.01,NA
"TD","107",100,162.77,NA,NA,329.54,337.31,0.0220376434295134,0.738971392275795,NA
"TD","108",100,234.17,NA,NA,472.34,480.11,0.01,0.01,NA
"TD","109",100,160.42,NA,NA,324.84,332.61,0.0237177884186786,0.445724443071637,NA
"TD","110",100,124.16,NA,NA,252.32,260.09,1,1.37382304675431,NA
"TD","111",100,122.67,NA,NA,249.34,257.11,0.912200354230496,0.908229722255748,NA
"TD","113",100,271.1,NA,NA,546.2,553.97,0.01,0.01,NA
"TD","114",100,102.68,NA,NA,209.36,217.13,0,0.598348364422265,NA
"TD","115",100,169.81,NA,NA,343.62,351.39,0.0406305491375873,0.545449139249196,NA
"TD","116",100,238.24,NA,NA,480.48,488.25,0.988187937703587,0.735636498039155,NA
"TD","117",100,253.32,NA,NA,510.64,518.41,0.01,0.01,NA
"TD","118",100,135.34,NA,NA,274.68,282.45,0.993335264677909,0.779521271077619,NA
"TD","119",100,18.77,NA,NA,41.54,49.31,0.00253450381035203,5.60218865994914,NA
"TD","120",100,224.48,NA,NA,452.96,460.73,0.0847233615025647,0.0415902412576186,NA
"TD","121",100,170.61,NA,NA,345.22,352.99,0.921629451863006,0.516497922794241,NA
"TD","122",100,181.13,NA,NA,366.26,374.03,0.965046725655342,0.516485352192036,NA
"TD","123",100,241.83,NA,NA,487.66,495.43,0.01,0.01,NA
"TD","124",100,151.08,NA,NA,306.16,313.93,0.990594613428197,0.694349037759866,NA
"TD","125",100,150.12,NA,NA,304.24,312.01,1,0.801319074272665,NA
"TD","126",100,128.86,NA,NA,261.72,269.49,0.974347121474744,0.766542665831786,NA
"TD","127",100,75.3,NA,NA,154.6,162.37,0,1.00213288726435,NA
"TD","128",100,293.82,NA,NA,591.64,599.41,0,0.0347700641118927,NA
"TD","129",100,37.15,NA,NA,78.3,86.07,0.00442184946199714,8.98594646797275,NA
"RSTD","1",100,239.95,NA,NA,485.9,497.56,0,0,0.0308454911233768
"RSTD","2",100,167.69,NA,NA,341.38,353.04,0,0,0.284697252652062
"RSTD","3",100,112.38,NA,NA,230.76,242.42,0,0.0101839969896162,0.702276289218766
"RSTD","4",100,67.45,NA,NA,140.9,152.56,0.030916564933046,0.220573007341895,1.00834562737859
"RSTD","5",100,245.57,NA,NA,497.14,508.8,0,0.0292797961068805,0.176947636086967
"RSTD","6",100,255.31,NA,NA,516.62,528.28,0.01,0.01,0.01
"RSTD","7",100,145.53,NA,NA,297.06,308.72,0.305233911965221,1,0.504189592914554
"RSTD","8",100,114.68,NA,NA,235.36,247.02,0.0511658630848435,0.877250687372289,0.489057792124833
"RSTD","9",100,241.72,NA,NA,489.44,501.1,0.01,0.01,0.01
"RSTD","10",100,51.67,NA,NA,109.34,121,0,0,1.14615374077967
"RSTD","11",100,106.3,NA,NA,218.6,230.26,0,0,0.543274777434584
"RSTD","12",100,179.49,NA,NA,364.98,376.64,0,0.0275741032871683,0.359033775821636
"RSTD","13",100,123.22,NA,NA,252.44,264.1,0.736527710518055,0.948305132599256,1.00893795278791
"RSTD","14",100,75.89,NA,NA,157.78,169.44,0.014536020407485,0.521725401334351,0.717525747595245
"RSTD","15",100,168.43,NA,NA,342.86,354.52,0.26623211843117,0.983150727496959,0.469488279629706
"RSTD","16",100,113.5,NA,NA,233,244.66,0.478584682241469,0.962850005499481,1.89078774343593
"RSTD","17",100,197.28,NA,NA,400.56,412.22,0.0613342421807598,0,0.0734936983402065
"RSTD","18",100,225.74,NA,NA,457.48,469.14,0,0.000690190713693889,0.0354632404759947
"RSTD","19",100,192.77,NA,NA,391.54,403.2,0,0,0.384205629441507
"RSTD","20",100,36.47,NA,NA,78.94,90.6,0,0.918597426184452,1.22178013918467
"RSTD","21",100,74.41,NA,NA,154.82,166.48,0.137727390244224,0.754048743235604,0.526075810868093
"RSTD","22",100,35.78,NA,NA,77.56,89.22,0.0415827434930577,0.93502981898132,1.08940296336915
"RSTD","23",100,44.12,NA,NA,94.24,105.9,0,0.996165491239624,1.04391691782258
"RSTD","24",100,231.45,NA,NA,468.9,480.56,0,0,0.0216472764551477
"RSTD","25",100,230.5,NA,NA,467,478.66,0.01,0.01,0.01
"RSTD","26",100,249.53,NA,NA,505.06,516.72,0.0141570562067067,0.0157200422808124,0
"RSTD","27",100,262.43,NA,NA,530.86,542.52,0.01,0.01,0.01
"RSTD","28",100,137.6,NA,NA,281.2,292.86,0,0,0.455155415224997
"RSTD","29",100,241.92,NA,NA,489.84,501.5,0.01,0.01,0.01
"RSTD","31",100,64.72,NA,NA,135.44,147.1,0.013104398033855,0.547071251622741,4.84321090882544
"RSTD","32",100,111.31,NA,NA,228.62,240.28,0,0,0.53348715070377
"RSTD","34",100,28.4,NA,NA,62.8,74.46,0.0391713210891672,0.695359738563048,1.8635938748845
"RSTD","35",100,149.31,NA,NA,304.62,316.28,0.690931391820973,0.996319308436619,4.19374784334575
"RSTD","36",100,226.91,NA,NA,459.82,471.48,0.437415902834446,1,5.46252826990309
"RSTD","37",100,85.67,NA,NA,177.34,189,0.0204338035707786,1,0.720870046340477
"RSTD","38",100,249.53,NA,NA,505.06,516.72,0.0170640219654312,0.00968441534906468,0
"RSTD","39",100,244.8,NA,NA,495.6,507.26,0.293857201350028,0.989040636442459,0.286898840575283
"RSTD","40",100,139.2,NA,NA,284.4,296.06,0.0381880730361493,0.947089330535854,0.423036725000058
"RSTD","41",100,145.91,NA,NA,297.82,309.48,0.662957674855413,0.946228168894608,0.774887290327811
"RSTD","42",100,80,NA,NA,166,177.66,0.744170737604849,0.902544043786759,1.73973731205264
"RSTD","43",100,40.91,NA,NA,87.82,99.48,0.0120753842539165,0.636434839602583,0.813419234093479
"RSTD","44",100,60.13,NA,NA,126.26,137.92,0.0556338725744987,0.778899508408074,8.82727752913711
"RSTD","45",100,224.95,NA,NA,455.9,467.56,0.01,0.01,0.01
"RSTD","46",100,130.96,NA,NA,267.92,279.58,0.00134815820251495,0,0.620147788468497
"RSTD","47",100,213.87,NA,NA,433.74,445.4,0.537786890782041,1,0.871836805727868
"RSTD","48",100,215.72,NA,NA,437.44,449.1,0.138336604194179,0.575440949898937,0.0806507586727374
"RSTD","49",100,225.6,NA,NA,457.2,468.86,0.01,0.01,0.01
"RSTD","50",100,293.27,NA,NA,592.54,604.2,4.65811266030422e-06,0.332789801844505,0.077719582892388
"RSTD","51",100,135.93,NA,NA,277.86,289.52,0.0966050366029663,0.943285284378403,7.54544825693381
"RSTD","52",100,233.34,NA,NA,472.68,484.34,0.522056736291685,0.576070029293078,0.0238720583985917
"RSTD","53",100,234.75,NA,NA,475.5,487.16,0.01,0.01,0.01
"RSTD","54",100,193.06,NA,NA,392.12,403.78,0,0,0.457542322744757
"RSTD","55",100,55.56,NA,NA,117.12,128.78,0.0198321641899795,0.0671246282518615,5.15052816143345
"RSTD","56",100,71.06,NA,NA,148.12,159.78,0.00558312691411702,0.100771199072408,0.872531416106526
"RSTD","57",100,364.25,NA,NA,734.5,746.16,0.0215753198717999,0.989669971840299,1.26520869441701
"RSTD","58",100,76.15,NA,NA,158.3,169.96,0.0261092661376468,0.107611942689186,3.1514589914774
"RSTD","59",100,68.89,NA,NA,143.78,155.44,0,0.0117248312932301,0.759728099150346
"RSTD","60",100,108.96,NA,NA,223.92,235.58,0.0214304720642401,0.0176105853260571,0.680307619999821
"RSTD","61",100,127.86,NA,NA,261.72,273.38,0,0,0.57076841195686
"RSTD","62",100,217.54,NA,NA,441.08,452.74,0.0494718055674365,0,0.0412154198678472
"RSTD","63",100,55.53,NA,NA,117.06,128.72,0.0686241115804689,0.961495287618021,6.66178664497301
"RSTD","64",100,41.04,NA,NA,88.08,99.74,0,0.0136780644800913,0.957323362825566
"RSTD","65",100,176.77,NA,NA,359.54,371.2,0.844208014889806,1,0.714029736954611
"RSTD","67",100,115.23,NA,NA,236.46,248.12,0.0217309563326366,0.0391294040897249,0.710205363679195
"RSTD","68",100,213.14,NA,NA,432.28,443.94,0.540927072228028,0.861631561199715,0.583850651844281
"RSTD","69",100,247.3,NA,NA,500.6,512.26,0.0155510787440622,0.0137846775423788,0.00442413315401786
"RSTD","70",100,101.48,NA,NA,208.96,220.62,0.0186292301946548,0.268012027068062,7.45879922425336
"RSTD","71",100,224.6,NA,NA,455.2,466.86,0,0.0545566296609818,0.0355216460256798
"RSTD","72",100,249.53,NA,NA,505.06,516.72,0.496055551914365,0.2737846321784,0
"RSTD","73",100,144.08,NA,NA,294.16,305.82,0.95239378429199,1,1.06011107546025
"RSTD","74",100,249.53,NA,NA,505.06,516.72,0.420530671163997,0.787052717532102,0
"RSTD","75",100,225.11,NA,NA,456.22,467.88,0.01,0.01,0.01
"RSTD","76",100,241.24,NA,NA,488.48,500.14,0.348002671989508,0.654335770797111,0.0304455492478259
"RSTD","77",100,168.64,NA,NA,343.28,354.94,0.950580040254341,0.918479046060403,0.745619286200249
"RSTD","78",100,59.56,NA,NA,125.12,136.78,0.0432371875751769,1,0.946730037802018
"RSTD","79",100,160.62,NA,NA,327.24,338.9,0.952753440948958,0.973804653012499,0.778587747583452
"RSTD","80",100,99.12,NA,NA,204.24,215.9,0.0196774187901708,0.0446109984515874,0.771878513007201
"RSTD","81",100,108.51,NA,NA,223.02,234.68,0.0575289183295165,0.5522203300417,1.92504619689388
"RSTD","82",100,94.58,NA,NA,195.16,206.82,0,0.320750355770243,1.02974248271627
"RSTD","83",100,160.86,NA,NA,327.72,339.38,1,0.99962419134068,0.74239821648046
"RSTD","84",100,87.62,NA,NA,181.24,192.9,0,0.62749130388368,1.83849282820214
"RSTD","85",100,228.12,NA,NA,462.24,473.9,0.255767078078168,0.170463902510214,0.0252484569062576
"RSTD","86",100,37.25,NA,NA,80.5,92.16,0,1,1.13174704339275
"RSTD","87",100,239.9,NA,NA,485.8,497.46,0.01,0.01,0.01
"RSTD","88",100,228.85,NA,NA,463.7,475.36,0.145123926798882,0.138279617444592,0.0313922712297678
"RSTD","89",100,97.11,NA,NA,200.22,211.88,0.0582704837587128,0.970042672678131,0.646557572933491
"RSTD","90",100,188.9,NA,NA,383.8,395.46,0,0.0196647076132036,0.286731266361647
"RSTD","91",100,134.39,NA,NA,274.78,286.44,0,0,0.543058132679653
"RSTD","92",100,190.86,NA,NA,387.72,399.38,0.780573884633121,1,0.644539086679345
"RSTD","93",100,142.18,NA,NA,290.36,302.02,0,0.00449679780764257,0.475911441980417
"RSTD","94",100,832.75,NA,NA,1671.5,1683.16,0,0.005943201776414,1.20440458252702
"RSTD","95",100,124.33,NA,NA,254.66,266.32,0,0.0128837185501732,0.628863683214652
"RSTD","96",100,224.99,NA,NA,455.98,467.64,0,0,0.0365967395127892
"RSTD","97",100,69.82,NA,NA,145.64,157.3,0.0263807872316502,0.0857583153100082,0.96986326087972
"RSTD","98",100,232.67,NA,NA,471.34,483,0.01,0.01,0.01
"RSTD","99",100,100.23,NA,NA,206.46,218.12,0.0554310669346236,0.857930612395831,0.95865986804815
"RSTD","100",100,81.64,NA,NA,169.28,180.94,0.0504291216320662,0.469414000072195,0.932794768591617
"RSTD","101",100,174.61,NA,NA,355.22,366.88,0,0.0205470925256362,0.451237775352494
"RSTD","102",100,87.7,NA,NA,181.4,193.06,0.00636912288357827,0.872084406241431,7.26261388422123
"RSTD","103",100,117.58,NA,NA,241.16,252.82,0,0,0.949813203503021
"RSTD","104",100,41.53,NA,NA,89.06,100.72,0,0.565062271542427,1.35879382149264
"RSTD","105",100,121.91,NA,NA,249.82,261.48,0.598204689636482,0.908398470982894,1.15521895470635
"RSTD","106",100,97.44,NA,NA,200.88,212.54,0,0,0.609194510200199
"RSTD","107",100,204.04,NA,NA,414.08,425.74,0.0172997476825927,0.980452185348816,0.385513278933796
"RSTD","108",100,135.63,NA,NA,277.26,288.92,0,0,0.441245293045318
"RSTD","109",100,166.44,NA,NA,338.88,350.54,0.0149363203292407,0.00923208681764082,0.274103527138102
"RSTD","110",100,73.22,NA,NA,152.44,164.1,0.000286398597278122,0.00229745974014026,1.11396680100833
"RSTD","111",100,35.67,NA,NA,77.34,89,0.0490716505192027,0.413476014556638,1.86163278338528
"RSTD","113",100,121.12,NA,NA,248.24,259.9,0,0,0.701528351432473
"RSTD","114",100,235.79,NA,NA,477.58,489.24,0.01,0.01,0.01
"RSTD","115",100,160.35,NA,NA,326.7,338.36,0.0449811039597534,0.0189462524577333,0.423424645097636
"RSTD","116",100,229,NA,NA,464,475.66,0.522880313112258,0.880888678427578,1.19117620925336
"RSTD","117",100,171.25,NA,NA,348.5,360.16,0,0.0124982823626476,0.512094736446784
"RSTD","118",100,153.42,NA,NA,312.84,324.5,0.332606767619897,0.753571326516177,8.61934351357377
"RSTD","119",100,18.79,NA,NA,43.58,55.24,0.0222172285283182,0.881264801510129,1.77407067210161
"RSTD","120",100,214.83,NA,NA,435.66,447.32,0,0.0781539378273917,0.055463578265513
"RSTD","121",100,173.08,NA,NA,352.16,363.82,0.675592332257104,0.9802647512129,0.48270854783279
"RSTD","122",100,225.75,NA,NA,457.5,469.16,0.01,0.01,0.01
"RSTD","123",100,104.95,NA,NA,215.9,227.56,0,0.0297509436113622,0.869445753296583
"RSTD","124",100,81.27,NA,NA,168.54,180.2,0,0.954449101122407,0.694048971552538
"RSTD","125",100,96.2,NA,NA,198.4,210.06,0.0138530319489153,0.847819189084036,9.44711417772055
"RSTD","126",100,107.97,NA,NA,221.94,233.6,0.285813565435586,0.998319907962524,0.965904996023866
"RSTD","127",100,75.33,NA,NA,156.66,168.32,0,0,0.955553890994611
"RSTD","128",100,293.82,NA,NA,593.64,605.3,0,0,0.0348831931641328
"RSTD","129",100,37.19,NA,NA,80.38,92.04,0,0,1.46632454078315
"Utility","1",100,240.74,NA,NA,487.48,499.14,0,0.837186855196016,0.054859410042275
"Utility","2",100,203.7,NA,NA,413.4,425.06,0.57610456611283,1,0.0871474555473193
"Utility","3",100,171.22,NA,NA,348.44,360.1,0.987893625923165,0.715433035554725,2.53016823574068
"Utility","4",100,62.81,NA,NA,131.62,143.28,0.00521824484112643,1,1.19389389728673
"Utility","5",100,147.2,NA,NA,300.4,312.06,0,1,1.18524108426687
"Utility","6",100,275,NA,NA,556,567.66,0.01,0.01,0.01
"Utility","7",100,190.63,NA,NA,387.26,398.92,0.351027253805584,1,0.185702887103351
"Utility","8",100,151.98,NA,NA,309.96,321.62,0.971311168496964,0.667749453361248,2.56185504988826
"Utility","9",100,152.36,NA,NA,310.72,322.38,0,0.877471633087645,0.734612923092209
"Utility","10",100,51.4,NA,NA,108.8,120.46,0,0.9839216456645,1.48871404360202
"Utility","11",100,154.28,NA,NA,314.56,326.22,0.978936595471402,0.716907101138828,2.58991521359353
"Utility","12",100,259.29,NA,NA,524.58,536.24,0.01,0.01,0.01
"Utility","13",100,67,NA,NA,140,151.66,0,1,0.88113263984836
"Utility","14",100,76.52,NA,NA,159.04,170.7,0,0.924352235916052,0.989499204849932
"Utility","15",100,121.68,NA,NA,249.36,261.02,0,0.98716194705874,0.596191863193525
"Utility","16",100,129.05,NA,NA,264.1,275.76,0.950737556848241,0.970986943660981,7.77159667201791
"Utility","17",100,165.48,NA,NA,336.96,348.62,0.0145349306557679,0.396798737695005,10
"Utility","18",100,225.75,NA,NA,457.5,469.16,0,1,0.0352070499204575
"Utility","19",100,192.77,NA,NA,391.54,403.2,0,1,0.384166072801699
"Utility","20",100,36.47,NA,NA,78.94,90.6,0,0.993679534754856,1.25777272144107
"Utility","21",100,101.56,NA,NA,209.12,220.78,0.938632990050708,0.713713606707326,8.2847768940503
"Utility","22",100,37.93,NA,NA,81.86,93.52,0,0.941736295417959,1.32456573897959
"Utility","23",100,46.34,NA,NA,98.68,110.34,0,1,3.28260216757374
"Utility","24",100,231.45,NA,NA,468.9,480.56,0,1,0.0217532793579893
"Utility","25",100,91.55,NA,NA,189.1,200.76,0,1,0.710111213200582
"Utility","26",100,232.19,NA,NA,470.38,482.04,0.996312568714786,0.451470683044984,8.34019332245562
"Utility","27",100,135.27,NA,NA,276.54,288.2,0.981083273354412,0.617863142894994,5.62424183099376
"Utility","28",100,137.6,NA,NA,281.2,292.86,0,1,0.45971190741694
"Utility","29",100,126.31,NA,NA,258.62,270.28,0.00361517340647376,0.986307788400903,0.865640859156967
"Utility","31",100,121.74,NA,NA,249.48,261.14,1,0.57268043258031,7.05326801401919
"Utility","32",100,111.31,NA,NA,228.62,240.28,0,1,0.533391824518369
"Utility","34",100,28.64,NA,NA,63.28,74.94,0,1,3.07695467685863
"Utility","35",100,146.3,NA,NA,298.6,310.26,0.950629230490849,1,0.858171134992137
"Utility","36",100,249.53,NA,NA,505.06,516.72,0.0170710678118655,0.01,0
"Utility","37",100,134.72,NA,NA,275.44,287.1,0.986415788272456,0.795610045429317,2.07602382090915
"Utility","38",100,249.53,NA,NA,505.06,516.72,0.0167082039324994,0.00776393202250021,0
"Utility","39",100,247.33,NA,NA,500.66,512.32,0,0.778227063176134,0.0560322868202387
"Utility","40",100,179.2,NA,NA,364.4,376.06,0.968664187913613,0.696881557120861,1.89822124399241
"Utility","41",100,149.63,NA,NA,305.26,316.92,0.969261727114771,0.601053203963748,5.24956491944589
"Utility","42",100,34.3,NA,NA,74.6,86.26,0,1,1.03503702692224
"Utility","43",100,39.27,NA,NA,84.54,96.2,0,0.999681022134795,0.989044444619843
"Utility","44",100,58.74,NA,NA,123.48,135.14,0,0.781791414612537,3.1822341708813
"Utility","45",100,203.23,NA,NA,412.46,424.12,1,0.888223423928891,0.0838954947190396
"Utility","46",100,130.34,NA,NA,266.68,278.34,0.00193343264735179,1,0.674720933003566
"Utility","47",100,243.32,NA,NA,492.64,504.3,0.56027628851018,1,0.0178817036545011
"Utility","48",100,164.68,NA,NA,335.36,347.02,0,0.981519944304742,0.463678649881952
"Utility","49",100,205.03,NA,NA,416.06,427.72,0.486762239525158,1,0.0545891712571047
"Utility","50",100,246.1,NA,NA,498.2,509.86,0.035279542603223,0.363725389335569,10
"Utility","51",100,279.6,NA,NA,565.2,576.86,0.01,0.01,0.01
"Utility","52",100,231.4,NA,NA,468.8,480.46,0.997254724952186,0.556538310989195,4.32114378358269
"Utility","53",100,119.21,NA,NA,244.42,256.08,0,0.897620259859347,0.885665509757418
"Utility","54",100,193.03,NA,NA,392.06,403.72,0,0.924733742632573,0.666618985448341
"Utility","55",100,53.38,NA,NA,112.76,124.42,0,1,0.995849241291889
"Utility","56",100,70.87,NA,NA,147.74,159.4,1.22835104298157e-16,0.9925,0.86946441713153
"Utility","57",100,410.07,NA,NA,826.14,837.8,0.999969647161379,1,2.03887221329691
"Utility","58",100,91.21,NA,NA,188.42,200.08,0,0.809403303786721,1.85716826368099
"Utility","59",100,137.02,NA,NA,280.04,291.7,1,0.578662199038729,6.43767068241615
"Utility","60",100,146.35,NA,NA,298.7,310.36,0.553179363253315,1,0.545766635109038
"Utility","61",100,222.05,NA,NA,450.1,461.76,1,0.473820527393819,8.57699950594716
"Utility","62",100,223.25,NA,NA,452.5,464.16,0.00733500140974949,0.486018672016657,0.235001686762717
"Utility","63",100,124.46,NA,NA,254.92,266.58,1,0.910630313269532,4.31482209873866
"Utility","64",100,41.41,NA,NA,88.82,100.48,0,0.986609778411904,1.00437613508386
"Utility","65",100,180.2,NA,NA,366.4,378.06,0.971338086699861,0.792873212945248,1.88457032178611
"Utility","67",100,189.07,NA,NA,384.14,395.8,0.991283690130632,0.390844989876545,9.54030449756084
"Utility","68",100,213.7,NA,NA,433.4,445.06,0.936898978657766,0.789695954536773,1.47062719408599
"Utility","69",100,247.31,NA,NA,500.62,512.28,0,0.0321934998084648,0.153187584324675
"Utility","70",100,263.16,NA,NA,532.32,543.98,0.01,0.01,0.01
"Utility","71",100,226.9,NA,NA,459.8,471.46,0,0.809122900943584,0.066222169576192
"Utility","72",100,249.36,NA,NA,504.72,516.38,0.785370675670677,0.591754246062076,7.79346946995166e-05
"Utility","73",100,87.7,NA,NA,181.4,193.06,0.00662128351813751,0.96468340337257,8.63097659110723
"Utility","74",100,249.53,NA,NA,505.06,516.72,0.426845714049259,0.115345644175632,0
"Utility","75",100,247.55,NA,NA,501.1,512.76,0.01,0.01,0.01
"Utility","76",100,215.94,NA,NA,437.88,449.54,0,1,0.374701758616867
"Utility","77",100,169.14,NA,NA,344.28,355.94,0.950555012363683,0.688241718612066,3.34690185167924
"Utility","78",100,57.8,NA,NA,121.6,133.26,0.00249053441334335,0.538155960970126,9.67519188628888
"Utility","79",100,160.63,NA,NA,327.26,338.92,0.983600450350726,0.547018022382811,7.32586294620604
"Utility","80",100,102.65,NA,NA,211.3,222.96,0.0040147812698929,0.826410119491203,1.59000937011904
"Utility","81",100,164.93,NA,NA,335.86,347.52,1,0.773368357545346,3.42128962459994
"Utility","82",100,163.26,NA,NA,332.52,344.18,1,0.84895763515618,2.06384544359067
"Utility","83",100,160.86,NA,NA,327.72,339.38,1,0.713373363308005,2.96347420298726
"Utility","84",100,87.48,NA,NA,180.96,192.62,0,1,1.24674348892527
"Utility","85",100,214.22,NA,NA,434.44,446.1,1,1,0.0377293359487588
"Utility","86",100,36.94,NA,NA,79.88,91.54,0,1,1.31595540810534
"Utility","87",100,206.87,NA,NA,419.74,431.4,0.982619641543383,0.909675605960922,0.821052258766778
"Utility","88",100,228.87,NA,NA,463.74,475.4,0.136492922150994,1,0.0320652948118998
"Utility","89",100,93.83,NA,NA,193.66,205.32,0,0.706034499568667,2.47034665858078
"Utility","90",100,200.37,NA,NA,406.74,418.4,0,0.684563728568594,0.744018111974767
"Utility","91",100,134.37,NA,NA,274.74,286.4,0,1,0.553331962848389
"Utility","92",100,225.45,NA,NA,456.9,468.56,0.86958799567952,0.388462842474176,0.233216456258301
"Utility","93",100,142.14,NA,NA,290.28,301.94,0,0.994882347283993,0.509099931720018
"Utility","94",100,832.69,NA,NA,1671.38,1683.04,0,1,1.40980814808689
"Utility","95",100,263.9,NA,NA,533.8,545.46,0.01,0.01,0.01
"Utility","96",100,226.53,NA,NA,459.06,470.72,0.992451253461248,0.443951462640921,8.00465762946848
"Utility","97",100,78.71,NA,NA,163.42,175.08,0.00863318950382795,0.955844408167052,2.48924767040232
"Utility","98",100,192.33,NA,NA,390.66,402.32,1,0.425089962121653,9.99966942599978
"Utility","99",100,103.55,NA,NA,213.1,224.76,0,0.739864614055912,2.96205670355706
"Utility","100",100,83.94,NA,NA,173.88,185.54,0,0.823163279431246,1.95673513980482
"Utility","101",100,263.22,NA,NA,532.44,544.1,0.01,0.01,0.01
"Utility","102",100,119.5,NA,NA,245,256.66,0.934263019021077,0.933455404253268,1.56990316163611
"Utility","103",100,117.44,NA,NA,240.88,252.54,0,0.985016389867015,1.09240527533437
"Utility","104",100,101.48,NA,NA,208.96,220.62,0.960612112576714,0.831507232743189,9.03482715200242
"Utility","105",100,66.07,NA,NA,138.14,149.8,0,1,0.99497282572636
"Utility","106",100,258.56,NA,NA,523.12,534.78,0.01,0.01,0.01
"Utility","107",100,240.9,NA,NA,487.8,499.46,0.942000153959272,0.727999320865036,1.47967309192625
"Utility","108",100,135.6,NA,NA,277.2,288.86,0,1,0.450045042523384
"Utility","109",100,161.14,NA,NA,328.28,339.94,0.0144082904730931,0.780677853941289,1.21620812695455
"Utility","110",100,286.63,NA,NA,579.26,590.92,0.01,0.01,0.01
"Utility","111",100,123.01,NA,NA,252.02,263.68,0.945326388077946,0.628578217407666,5.60149256492386
"Utility","113",100,167.12,NA,NA,340.24,351.9,0.995222875044259,0.884142410622124,1.33572181176005
"Utility","114",100,259.24,NA,NA,524.48,536.14,0.01,0.01,0.01
"Utility","115",100,213.83,NA,NA,433.66,445.32,0.979764818279732,0.984745899617474,0.0441169651041179
"Utility","116",100,249.37,NA,NA,504.74,516.4,0.0170143380171576,0.00894430211118646,5.57144313826588e-05
"Utility","117",100,274.9,NA,NA,555.8,567.46,0.01,0.01,0.01
"Utility","118",100,74.58,NA,NA,155.16,166.82,0,0.967636097119192,0.898297593659799
"Utility","119",100,18.77,NA,NA,43.54,55.2,0,0.919323488211543,4.40542564531395
"Utility","120",100,224.49,NA,NA,454.98,466.64,0.0811479232469246,1,0.0421692189277326
"Utility","121",100,165.14,NA,NA,336.28,347.94,0,0.731663676876979,1.55846730914054
"Utility","122",100,122.67,NA,NA,251.34,263,0,0.914314192475583,0.719722764312658
"Utility","123",100,263.21,NA,NA,532.42,544.08,0.01,0.01,0.01
"Utility","124",100,150.88,NA,NA,307.76,319.42,1,0.50998546985903,8.00314835738647
"Utility","125",100,150.12,NA,NA,306.24,317.9,1,0.734734787875535,2.87377584767158
"Utility","126",100,191.4,NA,NA,388.8,400.46,0.397096165844359,0.799431926090491,0.293302817870573
"Utility","127",100,75.3,NA,NA,156.6,168.26,0,1,0.978069308294478
"Utility","128",100,249.53,NA,NA,505.06,516.72,0,1,0
"Utility","129",100,37.17,NA,NA,80.34,92,0,1,1.52498583650277
