simulate_model,fit_model,iteration,ACC,LogL,LogPr,LogPo,AIC,BIC,input_param_1,input_param_2,input_param_3,output_param_1,output_param_2,output_param_3
TD,TD,1,100,-108.85,NA,NA,221.7,229.47,0.643091264,0.833578742,NA,0.761060258,0.665367365,NA
TD,TD,2,100,-82.22,NA,NA,168.44,176.21,0.724670133,1.435616042,NA,0.82781662,1.305732566,NA
TD,TD,3,100,-84.99,NA,NA,173.98,181.75,0.950232451,2.037790157,NA,0.883917291,2.605803728,NA
TD,TD,4,100,-202.61,NA,NA,409.22,416.99,0.682289759,0.072022455,NA,0.805766197,0.059829224,NA
TD,TD,5,100,-119.1,NA,NA,242.2,249.97,0.200363578,1.005684399,NA,0.239749837,0.763612682,NA
TD,TD,6,100,-187.86,NA,NA,379.72,387.49,0.321220334,0.298665664,NA,0.41204938,0.176494339,NA
TD,TD,7,100,-216.13,NA,NA,436.26,444.03,0.571441248,0.050213295,NA,0.125315689,0.038238195,NA
TD,TD,8,100,-194.93,NA,NA,393.86,401.63,0.973066304,0.392999499,NA,0.858750406,0.378094992,NA
TD,TD,9,100,-242.34,NA,NA,488.68,496.45,0.895209939,0.00547374,NA,0.657297741,1.39E-05,NA
TD,TD,10,100,-220.94,NA,NA,445.88,453.65,0.049414618,0.507862411,NA,0.128678937,0.077861439,NA
TD,TD,11,100,-212.89,NA,NA,429.78,437.55,0.197620301,0.189836999,NA,0.408815051,0.07191529,NA
TD,TD,12,100,-221.54,NA,NA,447.08,454.85,0.056064042,0.56602673,NA,0.13275539,0.079208415,NA
TD,TD,13,100,-149.44,NA,NA,302.88,310.65,0.051307132,1.232473707,NA,0.170646303,0.716166286,NA
TD,TD,14,100,-190.43,NA,NA,384.86,392.63,0.989872475,0.208000437,NA,0.677611839,0.117613051,NA
TD,TD,15,100,-174.24,NA,NA,352.48,360.25,0.711294804,0.576327974,NA,0.771507491,0.455569022,NA
TD,TD,16,100,-242.4,NA,NA,488.8,496.57,0.076893083,0.009669867,NA,0.002472964,3.53E-08,NA
TD,TD,17,100,-77.84,NA,NA,159.68,167.45,0.797194604,2.505488173,NA,0.837979776,1.606577856,NA
TD,TD,18,100,-86.18,NA,NA,176.36,184.13,0.731893435,1.274954205,NA,0.813782364,1.15976514,NA
TD,TD,19,100,-114.87,NA,NA,233.74,241.51,0.809085062,0.797056699,NA,0.784138137,0.668068582,NA
TD,TD,20,100,-102.08,NA,NA,208.16,215.93,0.511981163,2.391249828,NA,0.336023754,1.023867277,NA
TD,TD,21,100,-105.7,NA,NA,215.4,223.17,0.226354157,1.668979891,NA,0.262224068,0.947023485,NA
TD,TD,22,100,-120.75,NA,NA,245.5,253.27,0.300222688,0.955442077,NA,0.28754947,0.705379456,NA
TD,TD,23,100,-84.99,NA,NA,173.98,181.75,0.984172471,1.696046736,NA,0.883917291,2.605803728,NA
TD,TD,24,100,-185.87,NA,NA,375.74,383.51,0.540354024,0.234106498,NA,0.477682165,0.169053665,NA
TD,TD,25,100,-192.78,NA,NA,389.56,397.33,0.870058757,0.327183236,NA,0.798136007,0.284085264,NA
TD,TD,26,100,-132.58,NA,NA,269.16,276.93,0.066055891,1.975677816,NA,0.130580167,0.944721845,NA
TD,TD,27,100,-186.68,NA,NA,377.36,385.13,0.973287776,0.260513228,NA,0.809521056,0.258947096,NA
TD,TD,28,100,-109.31,NA,NA,222.62,230.39,0.290595552,1.055738497,NA,0.283570556,0.832224264,NA
TD,TD,29,100,-190.43,NA,NA,384.86,392.63,0.98891032,0.211397309,NA,0.677611839,0.117613051,NA
TD,TD,30,100,-103.34,NA,NA,210.68,218.45,0.329378832,2.085106326,NA,0.307868636,1.045695527,NA
TD,TD,31,100,-138.82,NA,NA,281.64,289.41,0.118789911,0.835414388,NA,0.234623702,0.599996815,NA
TD,TD,32,100,-220.15,NA,NA,444.3,452.07,0.050838586,0.410096169,NA,0.107173481,0.076997697,NA
TD,TD,33,100,-121.13,NA,NA,246.26,254.03,0.684979063,0.756628526,NA,0.754298026,0.609480844,NA
TD,TD,34,100,-202.95,NA,NA,409.9,417.67,0.84256448,0.059924963,NA,0.814498259,0.050899016,NA
TD,TD,35,100,-101.26,NA,NA,206.52,214.29,0.271155191,2.695036756,NA,0.22405121,1.437022464,NA
TD,TD,36,100,-196.09,NA,NA,396.18,403.95,0.779200295,0.457588244,NA,0.768777481,0.379497536,NA
TD,TD,37,100,-84.99,NA,NA,173.98,181.75,0.982565351,3.9257021,NA,0.883917291,2.605803728,NA
TD,TD,38,100,-187.77,NA,NA,379.54,387.31,0.533772448,0.225168376,NA,0.479702921,0.156237884,NA
TD,TD,39,100,-120.92,NA,NA,245.84,253.61,0.12886257,1.75030501,NA,0.180312917,0.897883613,NA
TD,TD,40,100,-208.92,NA,NA,421.84,429.61,0.420502026,0.082863303,NA,0.540014268,0.061733141,NA
TD,TD,41,100,-85.4,NA,NA,174.8,182.57,0.860091791,1.200172115,NA,0.859446564,1.736954939,NA
TD,TD,42,100,-181.3,NA,NA,366.6,374.37,0.633000508,0.316391955,NA,0.576974077,0.202579766,NA
TD,TD,43,100,-102.08,NA,NA,208.16,215.93,0.512010124,2.013763539,NA,0.336023754,1.023867277,NA
TD,TD,44,100,-104.31,NA,NA,212.62,220.39,0.405485673,3.895282304,NA,0.326391027,0.996145516,NA
TD,TD,45,100,-190.48,NA,NA,384.96,392.73,0.319981757,0.26415653,NA,0.471842142,0.156134881,NA
TD,TD,46,100,-85.47,NA,NA,174.94,182.71,0.947748523,1.3639122,NA,0.883181257,2.641912098,NA
TD,TD,47,100,-84.65,NA,NA,173.3,181.07,0.885661983,1.476226386,NA,0.861777272,1.719860094,NA
TD,TD,48,100,-218.73,NA,NA,441.46,449.23,0.119032545,0.210982074,NA,0.416230599,0.057121924,NA
TD,TD,49,100,-137.21,NA,NA,278.42,286.19,0.931592519,0.64870584,NA,0.844398489,0.573952653,NA
TD,TD,50,100,-77.84,NA,NA,159.68,167.45,0.753800751,2.898788968,NA,0.837979776,1.606577856,NA
TD,TD,51,100,-224.33,NA,NA,452.66,460.43,0.080542078,0.383129638,NA,0.2141739,0.070966227,NA
TD,TD,52,100,-221.25,NA,NA,446.5,454.27,0.046201741,0.577519767,NA,0.146479459,0.077853477,NA
TD,TD,53,100,-121.82,NA,NA,247.64,255.41,0.407168375,0.881073235,NA,0.288954878,0.668991543,NA
TD,TD,54,100,-144.79,NA,NA,293.58,301.35,0.960197768,0.629818246,NA,0.880972147,0.56104258,NA
TD,TD,55,100,-197.98,NA,NA,399.96,407.73,0.745619998,0.083828922,NA,0.788769462,0.06729808,NA
TD,TD,56,100,-192.07,NA,NA,388.14,395.91,0.387793876,0.184212701,NA,0.469935469,0.138950544,NA
TD,TD,57,100,-189.01,NA,NA,382.02,389.79,0.640330957,0.323464683,NA,0.574008559,0.200845256,NA
TD,TD,58,100,-191.44,NA,NA,386.88,394.65,0.466265497,0.18377713,NA,0.5557601,0.136295146,NA
TD,TD,59,100,-77.84,NA,NA,159.68,167.45,0.781977394,1.173358509,NA,0.837979776,1.606577856,NA
TD,TD,60,100,-214.78,NA,NA,433.56,441.33,0.185236022,0.162097268,NA,0.394950349,0.064382443,NA
TD,TD,61,100,-190.71,NA,NA,385.42,393.19,0.703108244,0.190494351,NA,0.583783493,0.124640356,NA
TD,TD,62,100,-94.44,NA,NA,192.88,200.65,0.540940156,1.711589193,NA,0.337408077,1.175771278,NA
TD,TD,63,100,-96.68,NA,NA,197.36,205.13,0.26540178,1.947666736,NA,0.243110848,1.10051413,NA
TD,TD,64,100,-192.72,NA,NA,389.44,397.21,0.897607917,0.209870353,NA,0.732696259,0.105441043,NA
TD,TD,65,100,-217.29,NA,NA,438.58,446.35,0.398145136,0.048580125,NA,0.661340061,0.034663171,NA
TD,TD,66,100,-184.61,NA,NA,373.22,380.99,0.47024403,0.370898499,NA,0.327935085,0.285400701,NA
TD,TD,67,100,-79.46,NA,NA,162.92,170.69,0.824348854,1.180028794,NA,0.851365467,1.741662121,NA
TD,TD,68,100,-186.8,NA,NA,377.6,385.37,0.503097831,0.322839246,NA,0.457709284,0.212645683,NA
TD,TD,69,100,-111.85,NA,NA,227.7,235.47,0.361050225,1.173362455,NA,0.314110543,0.877017316,NA
TD,TD,70,100,-192.08,NA,NA,388.16,395.93,0.964988885,0.189227519,NA,0.671582893,0.109899451,NA
TD,TD,71,100,-77.84,NA,NA,159.68,167.45,0.789667063,2.045440037,NA,0.837979776,1.606577856,NA
TD,TD,72,100,-82.14,NA,NA,168.28,176.05,0.628910263,2.954663023,NA,0.829266213,1.354082951,NA
TD,TD,73,100,-134.78,NA,NA,273.56,281.33,0.415234696,0.710676135,NA,0.282917912,0.55967297,NA
TD,TD,74,100,-102.02,NA,NA,208.04,215.81,0.857857149,0.936107956,NA,0.830485616,0.85237442,NA
TD,TD,75,100,-189.99,NA,NA,383.98,391.75,0.629901704,0.199268886,NA,0.559373068,0.133961609,NA
TD,TD,76,100,-193.21,NA,NA,390.42,398.19,0.35928991,0.364497002,NA,0.310747165,0.228336429,NA
TD,TD,77,100,-106.21,NA,NA,216.42,224.19,0.446684151,1.468605189,NA,0.338624016,0.97677577,NA
TD,TD,78,100,-184.35,NA,NA,372.7,380.47,0.378760502,0.432298531,NA,0.266527833,0.332324858,NA
TD,TD,79,100,-138.2,NA,NA,280.4,288.17,0.372670354,0.686002679,NA,0.289009712,0.53214086,NA
TD,TD,80,100,-182.6,NA,NA,369.2,376.97,0.428967847,0.430095954,NA,0.322692389,0.300709518,NA
TD,TD,81,100,-218.82,NA,NA,441.64,449.41,0.111280993,0.04204805,NA,0.03857647,0.034452514,NA
TD,TD,82,100,-116.14,NA,NA,236.28,244.05,0.1421618,1.606636273,NA,0.19206537,0.985571713,NA
TD,TD,83,100,-77.84,NA,NA,159.68,167.45,0.779834398,3.557625862,NA,0.837979776,1.606577856,NA
TD,TD,84,100,-172.66,NA,NA,349.32,357.09,0.386252531,0.630521602,NA,0.27762402,0.387798377,NA
TD,TD,85,100,-194.61,NA,NA,393.22,400.99,0.238968567,0.305974979,NA,0.416945222,0.15305705,NA
TD,TD,86,100,-197.49,NA,NA,398.98,406.75,0.6702823,0.116263606,NA,0.585960645,0.095327904,NA
TD,TD,87,100,-117.85,NA,NA,239.7,247.47,0.560497719,0.792237847,NA,0.3961165,0.664808513,NA
TD,TD,88,100,-191.94,NA,NA,387.88,395.65,0.915246692,0.194212661,NA,0.657613241,0.110115378,NA
TD,TD,89,100,-108.08,NA,NA,220.16,227.93,0.589335348,0.931611172,NA,0.435043581,0.743991197,NA
TD,TD,90,100,-149.01,NA,NA,302.02,309.79,0.987134295,0.600823707,NA,0.882853007,0.538021966,NA
TD,TD,91,100,-182.2,NA,NA,368.4,376.17,0.40112499,0.43657127,NA,0.29638194,0.319252688,NA
TD,TD,92,100,-214.91,NA,NA,433.82,441.59,0.565618214,0.064915997,NA,0.748713978,0.047702605,NA
TD,TD,93,100,-199.63,NA,NA,403.26,411.03,0.12512722,0.546449628,NA,0.219219384,0.248706867,NA
TD,TD,94,100,-122.22,NA,NA,248.44,256.21,0.791645931,0.766796249,NA,0.780171554,0.618412512,NA
TD,TD,95,100,-205.72,NA,NA,415.44,423.21,0.098831951,0.092432989,NA,0.134474266,0.067362265,NA
TD,TD,96,100,-125.09,NA,NA,254.18,261.95,0.333673485,0.79963922,NA,0.309392576,0.61166005,NA
TD,TD,97,100,-208.47,NA,NA,420.94,428.71,0.101720168,0.620830334,NA,0.331843548,0.146931162,NA
TD,TD,98,100,-223.25,NA,NA,450.5,458.27,0.018728345,0.165121834,NA,0.165765027,0.051518314,NA
TD,TD,99,100,-121.09,NA,NA,246.18,253.95,0.461979309,0.880842309,NA,0.30328909,0.674679583,NA
TD,TD,100,100,-106,NA,NA,216,223.77,0.729020358,0.835652914,NA,0.773651367,0.723710966,NA
TD,RSTD,1,100,-109.12,NA,NA,224.24,235.9,0.643091264,0.833578742,NA,0.717376213,0.758324128,0.645301835
TD,RSTD,2,100,-82.62,NA,NA,171.24,182.9,0.724670133,1.435616042,NA,0.353770867,0.650387778,2.546797524
TD,RSTD,3,100,-85.03,NA,NA,176.06,187.72,0.950232451,2.037790157,NA,0.775909585,0.871606072,1.984043144
TD,RSTD,4,100,-200.89,NA,NA,407.78,419.44,0.682289759,0.072022455,NA,0.999993534,0.664194929,0.060742885
TD,RSTD,5,100,-113.81,NA,NA,233.62,245.28,0.200363578,1.005684399,NA,0.446680305,0.282538702,0.78177549
TD,RSTD,6,100,-188.47,NA,NA,382.94,394.6,0.321220334,0.298665664,NA,0.307992935,0.394665306,0.200419225
TD,RSTD,7,100,-216.41,NA,NA,438.82,450.48,0.571441248,0.050213295,NA,0.54693767,0.432052534,0.036643832
TD,RSTD,8,100,-193.48,NA,NA,392.96,404.62,0.973066304,0.392999499,NA,0.922557629,0.836606197,0.381053376
TD,RSTD,9,100,-242.28,NA,NA,490.56,502.22,0.895209939,0.00547374,NA,0.778075458,0.612660803,3.57E-05
TD,RSTD,10,100,-218.63,NA,NA,443.26,454.92,0.049414618,0.507862411,NA,0.376775184,0.171628467,0.102865005
TD,RSTD,11,100,-211.54,NA,NA,429.08,440.74,0.197620301,0.189836999,NA,0.453987763,0.270579133,0.071360717
TD,RSTD,12,100,-218.21,NA,NA,442.42,454.08,0.056064042,0.56602673,NA,0.557469579,0.191006641,0.065167592
TD,RSTD,13,100,-149.44,NA,NA,304.88,316.54,0.051307132,1.232473707,NA,0.17088624,0.171713557,0.71592859
TD,RSTD,14,100,-190.71,NA,NA,387.42,399.08,0.989872475,0.208000437,NA,0.635481971,0.616929281,0.131293735
TD,RSTD,15,100,-172.65,NA,NA,351.3,362.96,0.711294804,0.576327974,NA,0.86768682,0.756417793,0.437370649
TD,RSTD,16,100,-242.4,NA,NA,490.8,502.46,0.076893083,0.009669867,NA,0.586469908,0.082188125,3.52E-08
TD,RSTD,17,100,-78.11,NA,NA,162.22,173.88,0.797194604,2.505488173,NA,0.417391452,0.712342627,3.302832124
TD,RSTD,18,100,-86.52,NA,NA,179.04,190.7,0.731893435,1.274954205,NA,0.317192241,0.560778749,1.344220453
TD,RSTD,19,100,-115.06,NA,NA,236.12,247.78,0.809085062,0.797056699,NA,0.774298514,0.791933123,0.704080827
TD,RSTD,20,100,-94.98,NA,NA,195.96,207.62,0.511981163,2.391249828,NA,0.690746381,0.419077622,1.187264782
TD,RSTD,21,100,-97.57,NA,NA,201.14,212.8,0.226354157,1.668979891,NA,0.620129568,0.331778309,0.958859738
TD,RSTD,22,100,-114.59,NA,NA,235.18,246.84,0.300222688,0.955442077,NA,0.710837851,0.374040074,0.720310592
TD,RSTD,23,100,-85.03,NA,NA,176.06,187.72,0.984172471,1.696046736,NA,0.775909585,0.871606072,1.984043144
TD,RSTD,24,100,-184.1,NA,NA,374.2,385.86,0.540354024,0.234106498,NA,0.646899925,0.445894614,0.143478414
TD,RSTD,25,100,-190.4,NA,NA,386.8,398.46,0.870058757,0.327183236,NA,0.896966633,0.767335902,0.291108501
TD,RSTD,26,100,-132.68,NA,NA,271.36,283.02,0.066055891,1.975677816,NA,0.138740495,0.136603836,0.926757817
TD,RSTD,27,100,-185.91,NA,NA,377.82,389.48,0.973287776,0.260513228,NA,0.697196481,0.671145622,0.133944143
TD,RSTD,28,100,-103.03,NA,NA,212.06,223.72,0.290595552,1.055738497,NA,0.682016224,0.371323268,0.823226984
TD,RSTD,29,100,-190.71,NA,NA,387.42,399.08,0.98891032,0.211397309,NA,0.635481971,0.616929281,0.131293735
TD,RSTD,30,100,-96.93,NA,NA,199.86,211.52,0.329378832,2.085106326,NA,0.674063125,0.393700352,1.077569064
TD,RSTD,31,100,-138.29,NA,NA,282.58,294.24,0.118789911,0.835414388,NA,0.209217938,0.237353069,0.609884936
TD,RSTD,32,100,-218.96,NA,NA,443.92,455.58,0.050838586,0.410096169,NA,0.26717614,0.132049478,0.073851888
TD,RSTD,33,100,-121.02,NA,NA,248.04,259.7,0.684979063,0.756628526,NA,0.78072439,0.747866836,0.605078812
TD,RSTD,34,100,-202.48,NA,NA,410.96,422.62,0.84256448,0.059924963,NA,0.999990226,0.79511934,0.051663991
TD,RSTD,35,100,-96.59,NA,NA,199.18,210.84,0.271155191,2.695036756,NA,0.391476368,0.276067453,1.062613523
TD,RSTD,36,100,-194.52,NA,NA,395.04,406.7,0.779200295,0.457588244,NA,0.612165657,0.476038351,0.137997695
TD,RSTD,37,100,-85.03,NA,NA,176.06,187.72,0.982565351,3.9257021,NA,0.775909585,0.871606072,1.984043144
TD,RSTD,38,100,-186.29,NA,NA,378.58,390.24,0.533772448,0.225168376,NA,0.619297302,0.429033385,0.135059889
TD,RSTD,39,100,-120.76,NA,NA,247.52,259.18,0.12886257,1.75030501,NA,0.187885321,0.178954393,0.884247126
TD,RSTD,40,100,-208.09,NA,NA,422.18,433.84,0.420502026,0.082863303,NA,0.693816323,0.582674462,0.058340769
TD,RSTD,41,100,-85.61,NA,NA,177.22,188.88,0.860091791,1.200172115,NA,0.9354039,0.854431254,1.338740233
TD,RSTD,42,100,-180.49,NA,NA,366.98,378.64,0.633000508,0.316391955,NA,0.629461337,0.530277863,0.182769606
TD,RSTD,43,100,-94.98,NA,NA,195.96,207.62,0.512010124,2.013763539,NA,0.690746381,0.419077622,1.187264782
TD,RSTD,44,100,-97.86,NA,NA,201.72,213.38,0.405485673,3.895282304,NA,0.778332811,0.417721854,1.10440618
TD,RSTD,45,100,-188.85,NA,NA,383.7,395.36,0.319981757,0.26415653,NA,0.614840839,0.427678129,0.134220466
TD,RSTD,46,100,-85.77,NA,NA,177.54,189.2,0.947748523,1.3639122,NA,0.799438519,0.876807592,1.983852472
TD,RSTD,47,100,-85.1,NA,NA,176.2,187.86,0.885661983,1.476226386,NA,0.778851711,0.844978178,1.559294766
TD,RSTD,48,100,-217.36,NA,NA,440.72,452.38,0.119032545,0.210982074,NA,0.612424666,0.321604342,0.055984131
TD,RSTD,49,100,-136.66,NA,NA,279.32,290.98,0.931592519,0.64870584,NA,0.734500688,0.841852824,0.574610775
TD,RSTD,50,100,-78.11,NA,NA,162.22,173.88,0.753800751,2.898788968,NA,0.417391452,0.712342627,3.302832124
TD,RSTD,51,100,-222.07,NA,NA,450.14,461.8,0.080542078,0.383129638,NA,0.444921076,0.200789221,0.065782963
TD,RSTD,52,100,-219.6,NA,NA,445.2,456.86,0.046201741,0.577519767,NA,0.331747345,0.167669824,0.072423277
TD,RSTD,53,100,-116.83,NA,NA,239.66,251.32,0.407168375,0.881073235,NA,0.909998756,0.420962312,0.699847937
TD,RSTD,54,100,-141.48,NA,NA,288.96,300.62,0.960197768,0.629818246,NA,0.959499261,0.86152777,0.561296084
TD,RSTD,55,100,-196.04,NA,NA,398.08,409.74,0.745619998,0.083828922,NA,0.99999516,0.667255892,0.063496522
TD,RSTD,56,100,-190.84,NA,NA,387.68,399.34,0.387793876,0.184212701,NA,0.576733079,0.454632556,0.120624238
TD,RSTD,57,100,-188.31,NA,NA,382.62,394.28,0.640330957,0.323464683,NA,0.643134708,0.522508676,0.166470732
TD,RSTD,58,100,-190.07,NA,NA,386.14,397.8,0.466265497,0.18377713,NA,0.685347181,0.494929264,0.119957439
TD,RSTD,59,100,-78.11,NA,NA,162.22,173.88,0.781977394,1.173358509,NA,0.417391452,0.712342627,3.302832124
TD,RSTD,60,100,-212.9,NA,NA,431.8,443.46,0.185236022,0.162097268,NA,0.532720302,0.268177173,0.062715422
TD,RSTD,61,100,-190.25,NA,NA,386.5,398.16,0.703108244,0.190494351,NA,0.677451421,0.562748308,0.125900519
TD,RSTD,62,100,-88.03,NA,NA,182.06,193.72,0.540940156,1.711589193,NA,0.733240812,0.434024539,1.314401348
TD,RSTD,63,100,-92.37,NA,NA,190.74,202.4,0.26540178,1.947666736,NA,0.457671316,0.300331287,1.055179003
TD,RSTD,64,100,-191.72,NA,NA,389.44,401.1,0.897607917,0.209870353,NA,0.895212214,0.690729098,0.096148337
TD,RSTD,65,100,-217.02,NA,NA,440.04,451.7,0.398145136,0.048580125,NA,0.720363365,0.586320883,0.035598892
TD,RSTD,66,100,-184.57,NA,NA,375.14,386.8,0.47024403,0.370898499,NA,0.357745504,0.336732787,0.259146464
TD,RSTD,67,100,-79.56,NA,NA,165.12,176.78,0.824348854,1.180028794,NA,0.920414273,0.856111302,1.297811458
TD,RSTD,68,100,-185.96,NA,NA,377.92,389.58,0.503097831,0.322839246,NA,0.537257396,0.428599016,0.188728871
TD,RSTD,69,100,-106.28,NA,NA,218.56,230.22,0.361050225,1.173362455,NA,0.73784174,0.412464994,0.855819844
TD,RSTD,70,100,-191.95,NA,NA,389.9,401.56,0.964988885,0.189227519,NA,0.719701047,0.664523243,0.107725017
TD,RSTD,71,100,-78.11,NA,NA,162.22,173.88,0.789667063,2.045440037,NA,0.417391452,0.712342627,3.302832124
TD,RSTD,72,100,-82.42,NA,NA,170.84,182.5,0.628910263,2.954663023,NA,0.378080687,0.625236568,1.48173618
TD,RSTD,73,100,-132.27,NA,NA,270.54,282.2,0.415234696,0.710676135,NA,0.685745784,0.374696371,0.577272791
TD,RSTD,74,100,-102.2,NA,NA,210.4,222.06,0.857857149,0.936107956,NA,0.786583226,0.822843929,0.829940768
TD,RSTD,75,100,-189.73,NA,NA,385.46,397.12,0.629901704,0.199268886,NA,0.560887309,0.495842485,0.131536814
TD,RSTD,76,100,-192.78,NA,NA,391.56,403.22,0.35928991,0.364497002,NA,0.495386191,0.364586115,0.163647952
TD,RSTD,77,100,-100.62,NA,NA,207.24,218.9,0.446684151,1.468605189,NA,0.687156466,0.421719369,1.119313943
TD,RSTD,78,100,-184.94,NA,NA,375.88,387.54,0.378760502,0.432298531,NA,0.582386161,0.334982887,0.178851971
TD,RSTD,79,100,-135.25,NA,NA,276.5,288.16,0.372670354,0.686002679,NA,0.929805292,0.437054923,0.554822361
TD,RSTD,80,100,-182.88,NA,NA,371.76,383.42,0.428967847,0.430095954,NA,0.285208213,0.293990657,0.342678578
TD,RSTD,81,100,-220.43,NA,NA,446.86,458.52,0.111280993,0.04204805,NA,0.561959542,0.090194919,0.031278355
TD,RSTD,82,100,-116.1,NA,NA,238.2,249.86,0.1421618,1.606636273,NA,0.187470056,0.191372264,0.969787493
TD,RSTD,83,100,-78.11,NA,NA,162.22,173.88,0.779834398,3.557625862,NA,0.417391452,0.712342627,3.302832124
TD,RSTD,84,100,-168.77,NA,NA,343.54,355.2,0.386252531,0.630521602,NA,0.455287013,0.303500566,0.312390158
TD,RSTD,85,100,-192.91,NA,NA,391.82,403.48,0.238968567,0.305974979,NA,0.59323306,0.366702758,0.123914328
TD,RSTD,86,100,-195.82,NA,NA,397.64,409.3,0.6702823,0.116263606,NA,0.814561479,0.541674869,0.087313687
TD,RSTD,87,100,-117.32,NA,NA,240.64,252.3,0.560497719,0.792237847,NA,0.793285236,0.48582196,0.696700202
TD,RSTD,88,100,-191.89,NA,NA,389.78,401.44,0.915246692,0.194212661,NA,0.670461651,0.637961383,0.114228893
TD,RSTD,89,100,-107.05,NA,NA,220.1,231.76,0.589335348,0.931611172,NA,0.290346852,0.393925579,0.772252533
TD,RSTD,90,100,-145.65,NA,NA,297.3,308.96,0.987134295,0.600823707,NA,0.960765677,0.862472316,0.530902276
TD,RSTD,91,100,-181.82,NA,NA,369.64,381.3,0.40112499,0.43657127,NA,0.304238157,0.273329564,0.321505895
TD,RSTD,92,100,-213.74,NA,NA,433.48,445.14,0.565618214,0.064915997,NA,0.929577946,0.57293734,0.047386053
TD,RSTD,93,100,-199.69,NA,NA,405.38,417.04,0.12512722,0.546449628,NA,0.235633249,0.231396801,0.227440652
TD,RSTD,94,100,-122.19,NA,NA,250.38,262.04,0.791645931,0.766796249,NA,0.785137756,0.775702213,0.620480812
TD,RSTD,95,100,-205.62,NA,NA,417.24,428.9,0.098831951,0.092432989,NA,0.187517204,0.158551156,0.072596817
TD,RSTD,96,100,-120.74,NA,NA,247.48,259.14,0.333673485,0.79963922,NA,0.976016698,0.44202775,0.660465548
TD,RSTD,97,100,-203.52,NA,NA,413.04,424.7,0.101720168,0.620830334,NA,0.45648537,0.210373028,0.120387711
TD,RSTD,98,100,-222.76,NA,NA,451.52,463.18,0.018728345,0.165121834,NA,0.12570037,0.226957346,0.049748378
TD,RSTD,99,100,-118.16,NA,NA,242.32,253.98,0.461979309,0.880842309,NA,0.649902081,0.392835283,0.692624124
TD,RSTD,100,100,-106.52,NA,NA,219.04,230.7,0.729020358,0.835652914,NA,0.682681619,0.7444722,0.68529458
TD,Utility,1,100,-108.8,NA,NA,223.6,235.26,0.643091264,0.833578742,NA,0.787179303,0.917276665,0.978927683
TD,Utility,2,100,-82.2,NA,NA,170.4,182.06,0.724670133,1.435616042,NA,0.828335825,0.988211439,1.377500826
TD,Utility,3,100,-84.85,NA,NA,175.7,187.36,0.950232451,2.037790157,NA,0.892289786,0.948839198,4.224162554
TD,Utility,4,100,-203.08,NA,NA,412.16,423.82,0.682289759,0.072022455,NA,0.810429824,0.297894083,0.701670477
TD,Utility,5,100,-114.69,NA,NA,235.38,247.04,0.200363578,1.005684399,NA,0.304178491,0.625043737,4.999986922
TD,Utility,6,100,-187.87,NA,NA,381.74,393.4,0.321220334,0.298665664,NA,0.420969592,0.794647042,0.391990484
TD,Utility,7,100,-217.83,NA,NA,441.66,453.32,0.571441248,0.050213295,NA,0.129224213,0.297645779,0.485128448
TD,Utility,8,100,-195.13,NA,NA,396.26,407.92,0.973066304,0.392999499,NA,0.847985565,0.974032381,0.41525675
TD,Utility,9,100,-242.36,NA,NA,490.72,502.38,0.895209939,0.00547374,NA,0.552266395,2.97E-07,8.61E-06
TD,Utility,10,100,-226.31,NA,NA,458.62,470.28,0.049414618,0.507862411,NA,0.126180431,0.370611582,0.650146219
TD,Utility,11,100,-212.78,NA,NA,431.56,443.22,0.197620301,0.189836999,NA,0.442100263,0.032781962,2.088783518
TD,Utility,12,100,-224.74,NA,NA,455.48,467.14,0.056064042,0.56602673,NA,0.127496297,0.304441318,0.843827392
TD,Utility,13,100,-149.45,NA,NA,304.9,316.56,0.051307132,1.232473707,NA,0.171525181,0.999999929,0.726649844
TD,Utility,14,100,-193.3,NA,NA,392.6,404.26,0.989872475,0.208000437,NA,0.710472633,0.699931445,0.370420132
TD,Utility,15,100,-173.89,NA,NA,353.78,365.44,0.711294804,0.576327974,NA,0.864347091,0.607428349,3.073513066
TD,Utility,16,100,-242.4,NA,NA,490.8,502.46,0.076893083,0.009669867,NA,0.133925661,0.194189005,6.60E-07
TD,Utility,17,100,-77.84,NA,NA,161.68,173.34,0.797194604,2.505488173,NA,0.836923169,0.99483926,1.588845421
TD,Utility,18,100,-86.18,NA,NA,178.36,190.02,0.731893435,1.274954205,NA,0.814899616,0.982544553,1.202990495
TD,Utility,19,100,-114.85,NA,NA,235.7,247.36,0.809085062,0.797056699,NA,0.802896273,0.922169769,0.960317363
TD,Utility,20,100,-97.97,NA,NA,201.94,213.6,0.511981163,2.391249828,NA,0.406195682,0.683084735,4.999994457
TD,Utility,21,100,-99.69,NA,NA,205.38,217.04,0.226354157,1.668979891,NA,0.330899731,0.652866511,4.999735387
TD,Utility,22,100,-116.11,NA,NA,238.22,249.88,0.300222688,0.955442077,NA,0.371830869,0.602172974,4.976949506
TD,Utility,23,100,-84.85,NA,NA,175.7,187.36,0.984172471,1.696046736,NA,0.892289786,0.948839198,4.224162554
TD,Utility,24,100,-186.27,NA,NA,378.54,390.2,0.540354024,0.234106498,NA,0.502504687,0.797858018,0.370696576
TD,Utility,25,100,-192.93,NA,NA,391.86,403.52,0.870058757,0.327183236,NA,0.890645733,0.566672573,2.427967318
TD,Utility,26,100,-132.58,NA,NA,271.16,282.82,0.066055891,1.975677816,NA,0.132406158,0.999999835,0.942713146
TD,Utility,27,100,-187.19,NA,NA,380.38,392.04,0.973287776,0.260513228,NA,0.884825012,0.647904088,1.468739267
TD,Utility,28,100,-104.63,NA,NA,215.26,226.92,0.290595552,1.055738497,NA,0.358759873,0.636448452,4.971965034
TD,Utility,29,100,-193.3,NA,NA,392.6,404.26,0.98891032,0.211397309,NA,0.710472633,0.699931445,0.370420132
TD,Utility,30,100,-98.16,NA,NA,202.32,213.98,0.329378832,2.085106326,NA,0.380004614,0.676924035,4.999943967
TD,Utility,31,100,-138.93,NA,NA,283.86,295.52,0.118789911,0.835414388,NA,0.227498256,0.996117544,0.622782905
TD,Utility,32,100,-224.15,NA,NA,454.3,465.96,0.050838586,0.410096169,NA,0.11960574,0.320960641,0.814179059
TD,Utility,33,100,-120.98,NA,NA,247.96,259.62,0.684979063,0.756628526,NA,0.775923085,0.917734584,0.894673531
TD,Utility,34,100,-202.98,NA,NA,411.96,423.62,0.84256448,0.059924963,NA,0.80633024,0.494645685,0.314114267
TD,Utility,35,100,-97.99,NA,NA,201.98,213.64,0.271155191,2.695036756,NA,0.302087953,0.682394506,4.92927416
TD,Utility,36,100,-195.98,NA,NA,397.96,409.62,0.779200295,0.457588244,NA,0.859204206,0.614152467,2.413173435
TD,Utility,37,100,-84.85,NA,NA,175.7,187.36,0.982565351,3.9257021,NA,0.892289786,0.948839198,4.224162554
TD,Utility,38,100,-188.14,NA,NA,382.28,393.94,0.533772448,0.225168376,NA,0.520505681,0.776168662,0.345267931
TD,Utility,39,100,-121.03,NA,NA,248.06,259.72,0.12886257,1.75030501,NA,0.180341465,0.977206438,0.984202303
TD,Utility,40,100,-210.1,NA,NA,426.2,437.86,0.420502026,0.082863303,NA,0.55997713,0.435848402,0.437136174
TD,Utility,41,100,-85.38,NA,NA,176.76,188.42,0.860091791,1.200172115,NA,0.863906831,0.953521917,1.968564271
TD,Utility,42,100,-181.73,NA,NA,369.46,381.12,0.633000508,0.316391955,NA,0.820495695,0.499592161,3.070167398
TD,Utility,43,100,-97.97,NA,NA,201.94,213.6,0.512010124,2.013763539,NA,0.406195682,0.683084735,4.999994457
TD,Utility,44,100,-99.93,NA,NA,205.86,217.52,0.405485673,3.895282304,NA,0.401816938,0.665924845,4.999996354
TD,Utility,45,100,-189.65,NA,NA,385.3,396.96,0.319981757,0.26415653,NA,0.500713918,0.704099849,0.456942762
TD,Utility,46,100,-85.55,NA,NA,177.1,188.76,0.947748523,1.3639122,NA,0.89130123,0.934962436,3.426121092
TD,Utility,47,100,-84.66,NA,NA,175.32,186.98,0.885661983,1.476226386,NA,0.865307126,0.957655428,1.880339803
TD,Utility,48,100,-218.5,NA,NA,443,454.66,0.119032545,0.210982074,NA,0.426015331,0.30013858,0.769973783
TD,Utility,49,100,-137.23,NA,NA,280.46,292.12,0.931592519,0.64870584,NA,0.860311908,0.920806237,0.82580626
TD,Utility,50,100,-77.84,NA,NA,161.68,173.34,0.753800751,2.898788968,NA,0.836923169,0.99483926,1.588845421
TD,Utility,51,100,-226.05,NA,NA,458.1,469.76,0.080542078,0.383129638,NA,0.347024838,0.302001417,0.727044566
TD,Utility,52,100,-226.16,NA,NA,458.32,469.98,0.046201741,0.577519767,NA,0.128768803,0.323386265,0.758697643
TD,Utility,53,100,-119.01,NA,NA,244.02,255.68,0.407168375,0.881073235,NA,0.390209001,0.600926942,4.95536617
TD,Utility,54,100,-145.02,NA,NA,296.04,307.7,0.960197768,0.629818246,NA,0.926640147,0.625995344,3.496752864
TD,Utility,55,100,-197.65,NA,NA,401.3,412.96,0.745619998,0.083828922,NA,0.792372278,0.463698393,0.460516354
TD,Utility,56,100,-192.16,NA,NA,390.32,401.98,0.387793876,0.184212701,NA,0.499404344,0.803384312,0.293075052
TD,Utility,57,100,-189.4,NA,NA,384.8,396.46,0.640330957,0.323464683,NA,0.810952195,0.526109271,2.731199614
TD,Utility,58,100,-192.28,NA,NA,390.56,402.22,0.466265497,0.18377713,NA,0.577623561,0.768627909,0.311522757
TD,Utility,59,100,-77.84,NA,NA,161.68,173.34,0.781977394,1.173358509,NA,0.836923169,0.99483926,1.588845421
TD,Utility,60,100,-214.46,NA,NA,434.92,446.58,0.185236022,0.162097268,NA,0.431338655,0.268363243,0.836186192
TD,Utility,61,100,-192.69,NA,NA,391.38,403.04,0.703108244,0.190494351,NA,0.607233204,0.655669305,0.424512988
TD,Utility,62,100,-90.87,NA,NA,187.74,199.4,0.540940156,1.711589193,NA,0.406106574,0.708977799,4.999946312
TD,Utility,63,100,-93.85,NA,NA,193.7,205.36,0.26540178,1.947666736,NA,0.308944562,0.670613373,4.940779561
TD,Utility,64,100,-196.81,NA,NA,399.62,411.28,0.897607917,0.209870353,NA,0.809387152,0.529034088,0.637525555
TD,Utility,65,100,-218.66,NA,NA,443.32,454.98,0.398145136,0.048580125,NA,0.591201674,0.301197497,0.458824226
TD,Utility,66,100,-185.54,NA,NA,377.08,388.74,0.47024403,0.370898499,NA,0.324734921,0.929003642,0.394896253
TD,Utility,67,100,-79.46,NA,NA,164.92,176.58,0.824348854,1.180028794,NA,0.85180146,0.978787957,1.728022523
TD,Utility,68,100,-187.57,NA,NA,381.14,392.8,0.503097831,0.322839246,NA,0.476162139,0.89280164,0.336712058
TD,Utility,69,100,-108.18,NA,NA,222.36,234.02,0.361050225,1.173362455,NA,0.401635053,0.641638331,4.966341324
TD,Utility,70,100,-194.9,NA,NA,395.8,407.46,0.964988885,0.189227519,NA,0.73347783,0.664030116,0.420043889
TD,Utility,71,100,-77.84,NA,NA,161.68,173.34,0.789667063,2.045440037,NA,0.836923169,0.99483926,1.588845421
TD,Utility,72,100,-82.18,NA,NA,170.36,182.02,0.628910263,2.954663023,NA,0.816219258,0.99999934,1.228400608
TD,Utility,73,100,-133.77,NA,NA,273.54,285.2,0.415234696,0.710676135,NA,0.398224871,0.573092945,4.773799271
TD,Utility,74,100,-101.94,NA,NA,209.88,221.54,0.857857149,0.936107956,NA,0.844377026,0.922440895,1.223629064
TD,Utility,75,100,-190.77,NA,NA,387.54,399.2,0.629901704,0.199268886,NA,0.564939451,0.823043398,0.266196038
TD,Utility,76,100,-193.73,NA,NA,393.46,405.12,0.35928991,0.364497002,NA,0.305520143,0.903514726,0.344063935
TD,Utility,77,100,-102.65,NA,NA,211.3,222.96,0.446684151,1.468605189,NA,0.41517302,0.671746697,4.999998927
TD,Utility,78,100,-184.87,NA,NA,375.74,387.4,0.378760502,0.432298531,NA,0.272055672,0.923605154,0.443924959
TD,Utility,79,100,-136.65,NA,NA,279.3,290.96,0.372670354,0.686002679,NA,0.412944841,0.554410006,4.999998452
TD,Utility,80,100,-183.73,NA,NA,373.46,385.12,0.428967847,0.430095954,NA,0.327525254,0.925564529,0.429347795
TD,Utility,81,100,-220.77,NA,NA,447.54,459.2,0.111280993,0.04204805,NA,0.09309452,0.038596521,0.992394588
TD,Utility,82,100,-116.14,NA,NA,238.28,249.94,0.1421618,1.606636273,NA,0.191879111,0.999998431,0.975104708
TD,Utility,83,100,-77.84,NA,NA,161.68,173.34,0.779834398,3.557625862,NA,0.836923169,0.99483926,1.588845421
TD,Utility,84,100,-173.58,NA,NA,353.16,364.82,0.386252531,0.630521602,NA,0.285408374,0.931150585,0.51276935
TD,Utility,85,100,-193.73,NA,NA,393.46,405.12,0.238968567,0.305974979,NA,0.377126214,0.710966064,0.458482836
TD,Utility,86,100,-198.44,NA,NA,402.88,414.54,0.6702823,0.116263606,NA,0.65873595,0.539609711,0.450994485
TD,Utility,87,100,-117.86,NA,NA,241.72,253.38,0.560497719,0.792237847,NA,0.480928547,0.653081361,3.664791763
TD,Utility,88,100,-195.06,NA,NA,396.12,407.78,0.915246692,0.194212661,NA,0.686565237,0.654697016,0.454431457
TD,Utility,89,100,-108.97,NA,NA,223.94,235.6,0.589335348,0.931611172,NA,0.481635323,0.801098188,2.028547453
TD,Utility,90,100,-149.08,NA,NA,304.16,315.82,0.987134295,0.600823707,NA,0.899615546,0.853510354,1.062803948
TD,Utility,91,100,-183.14,NA,NA,372.28,383.94,0.40112499,0.43657127,NA,0.297915147,0.917284657,0.467176022
TD,Utility,92,100,-216.35,NA,NA,438.7,450.36,0.565618214,0.064915997,NA,0.816376736,0.289577211,0.643746031
TD,Utility,93,100,-200.57,NA,NA,407.14,418.8,0.12512722,0.546449628,NA,0.215128998,0.850945123,0.429457747
TD,Utility,94,100,-122.15,NA,NA,250.3,261.96,0.791645931,0.766796249,NA,0.812826167,0.848530573,1.24218704
TD,Utility,95,100,-206.68,NA,NA,419.36,431.02,0.098831951,0.092432989,NA,0.154369844,0.39530597,0.709749564
TD,Utility,96,100,-122.99,NA,NA,251.98,263.64,0.333673485,0.79963922,NA,0.41655506,0.583968371,4.999995336
TD,Utility,97,100,-208.37,NA,NA,422.74,434.4,0.101720168,0.620830334,NA,0.324485053,0.791410201,0.359848428
TD,Utility,98,100,-224.19,NA,NA,454.38,466.04,0.018728345,0.165121834,NA,0.13952869,0.276880563,0.637731097
TD,Utility,99,100,-119.3,NA,NA,244.6,256.26,0.461979309,0.880842309,NA,0.407457663,0.597541607,4.999991633
TD,Utility,100,100,-105.77,NA,NA,217.54,229.2,0.729020358,0.835652914,NA,0.819435426,0.81466937,1.729932452
RSTD,TD,1,100,-85.47,NA,NA,174.94,182.71,0.28510789,0.724670133,1.435616042,0.883181257,2.641912098,NA
RSTD,TD,2,100,-164.85,NA,NA,333.7,341.47,0.950232451,0.206436974,0.364579517,0.029190491,0.175539532,NA
RSTD,TD,3,100,-131.12,NA,NA,266.24,274.01,0.536011227,0.200363578,1.005684399,0.0992469,0.623394826,NA
RSTD,TD,4,100,-207.55,NA,NA,419.1,426.87,0.321220334,0.649332832,0.142882495,0.455659969,0.087680909,NA
RSTD,TD,5,100,-193.96,NA,NA,391.92,399.69,0.525106648,0.973066304,0.392999499,0.529722357,0.166640908,NA
RSTD,TD,6,100,-84.99,NA,NA,173.98,181.75,0.895209939,0.943225271,3.353856489,0.883917291,2.605803728,NA
RSTD,TD,7,100,-194.45,NA,NA,392.9,400.67,0.753931205,0.197620301,0.189836999,0.075833396,0.150592424,NA
RSTD,TD,8,100,-122.39,NA,NA,248.78,256.55,0.056064042,0.783013365,3.414416931,0.961338468,3.521311625,NA
RSTD,TD,9,100,-196.13,NA,NA,396.26,404.03,0.479448032,0.989872475,0.208000437,0.521143773,0.106160339,NA
RSTD,TD,10,100,-77.84,NA,NA,159.68,167.45,0.711294804,0.788163987,2.309730863,0.837979776,1.606577856,NA
RSTD,TD,11,100,-85.13,NA,NA,174.26,182.03,0.504834934,0.797194604,2.505488173,0.860512657,1.772751884,NA
RSTD,TD,12,100,-167.59,NA,NA,339.18,346.95,0.731893435,0.395451756,0.618170124,0.347848038,0.462892676,NA
RSTD,TD,13,100,-77.84,NA,NA,159.68,167.45,0.27597738,0.511981163,2.391249828,0.837979776,1.606577856,NA
RSTD,TD,14,100,-123.25,NA,NA,250.5,258.27,0.226354157,0.160335691,0.894037934,0.207362482,0.652862738,NA
RSTD,TD,15,100,-84.99,NA,NA,173.98,181.75,0.315573724,0.984172471,1.696046736,0.883917291,2.605803728,NA
RSTD,TD,16,100,-192.72,NA,NA,389.44,397.21,0.540354024,0.854036245,0.362152149,0.506456764,0.163207688,NA
RSTD,TD,17,100,-57.78,NA,NA,119.56,127.33,0.663591618,0.066055891,1.975677816,0.03714208,4.140813199,NA
RSTD,TD,18,100,-118.59,NA,NA,241.18,248.95,0.973287776,0.630256614,0.85552939,0.340878504,0.693190681,NA
RSTD,TD,19,100,-194.02,NA,NA,392.04,399.81,0.340647829,0.98891032,0.211397309,0.496487517,0.11811831,NA
RSTD,TD,20,100,-57.78,NA,NA,119.56,127.33,0.329378832,0.062854049,2.339677157,0.03714208,4.140813199,NA
RSTD,TD,21,100,-171.17,NA,NA,346.34,354.11,0.285566802,0.050838586,0.410096169,0.040009124,0.248460311,NA
RSTD,TD,22,100,-137.06,NA,NA,278.12,285.89,0.684979063,0.438995203,0.685128961,0.283535931,0.551436234,NA
RSTD,TD,23,100,-115.33,NA,NA,234.66,242.43,0.529962482,0.271155191,2.695036756,0.237920314,0.766887276,NA
RSTD,TD,24,100,-194.42,NA,NA,392.84,400.61,0.779200295,0.728794122,0.160821524,0.67435371,0.101793554,NA
RSTD,TD,25,100,-222.05,NA,NA,448.1,455.87,0.028121843,0.533772448,0.225168376,0.30044906,0.051569023,NA
RSTD,TD,26,100,-125.29,NA,NA,254.58,262.35,0.12886257,0.170501331,1.375155286,0.235922192,0.779515378,NA
RSTD,TD,27,100,-79.46,NA,NA,162.92,170.69,0.980796685,0.860091791,1.200172115,0.851365467,1.741662121,NA
RSTD,TD,28,100,-242.4,NA,NA,488.8,496.57,0.633000508,0.959949327,0.024020249,0.109557013,1.50E-07,NA
RSTD,TD,29,100,-89.92,NA,NA,183.84,191.61,0.234798391,0.405485673,3.895282304,0.428515902,1.094002151,NA
RSTD,TD,30,100,-221.98,NA,NA,447.96,455.73,0.319981757,0.632078265,0.055958746,0.690410037,0.037788392,NA
RSTD,TD,31,100,-84.99,NA,NA,173.98,181.75,0.417691255,0.885661983,1.476226386,0.883917291,2.605803728,NA
RSTD,TD,32,100,-226.21,NA,NA,456.42,464.19,0.119032545,0.605491037,0.045998277,0.134195285,0.036129342,NA
RSTD,TD,33,100,-77.84,NA,NA,159.68,167.45,0.82435292,0.753800751,2.898788968,0.837979776,1.606577856,NA
RSTD,TD,34,100,-137.47,NA,NA,278.94,286.71,0.080542078,0.691564819,3.251044437,0.930823413,1.479304772,NA
RSTD,TD,35,100,-123.38,NA,NA,250.76,258.53,0.788759883,0.407168375,0.881073235,0.272342466,0.660996981,NA
RSTD,TD,36,100,-180.3,NA,NA,364.6,372.37,0.960197768,0.814909123,0.491239995,0.836044066,0.435858019,NA
RSTD,TD,37,100,-186.25,NA,NA,376.5,384.27,0.983733647,0.387793876,0.184212701,0.306580273,0.200847539,NA
RSTD,TD,38,100,-80.78,NA,NA,165.56,173.33,0.640330957,0.661732342,1.101572242,0.810759616,1.085080482,NA
RSTD,TD,39,100,-79.46,NA,NA,162.92,170.69,0.591888565,0.781977394,1.173358509,0.851365467,1.741662121,NA
RSTD,TD,40,100,-216.33,NA,NA,436.66,444.43,0.185236022,0.9270173,0.406216487,0.433885027,0.082443297,NA
RSTD,TD,41,100,-102.08,NA,NA,208.16,215.93,0.595247176,0.540940156,1.711589193,0.336023754,1.023867277,NA
RSTD,TD,42,100,-197.92,NA,NA,399.84,407.61,0.26540178,0.195171547,0.226954525,0.394337571,0.132562532,NA
RSTD,TD,43,100,-214.05,NA,NA,432.1,439.87,0.604935176,0.398145136,0.048580125,0.180006859,0.040410617,NA
RSTD,TD,44,100,-174.97,NA,NA,353.94,361.71,0.47024403,0.685449249,0.648697707,0.743415703,0.416850443,NA
RSTD,TD,45,100,-195.35,NA,NA,394.7,402.47,0.371720403,0.503097831,0.322839246,0.360797331,0.16937268,NA
RSTD,TD,46,100,-195.56,NA,NA,395.12,402.89,0.361050225,0.370053819,0.17356707,0.491273828,0.133748677,NA
RSTD,TD,47,100,-79.46,NA,NA,162.92,170.69,0.594613759,0.789667063,2.045440037,0.851365467,1.741662121,NA
RSTD,TD,48,100,-57.78,NA,NA,119.56,127.33,0.628910263,0.036939822,1.354085966,0.03714208,4.140813199,NA
RSTD,TD,49,100,-103.17,NA,NA,210.34,218.11,0.254382239,0.857857149,0.936107956,0.863838615,0.866213671,NA
RSTD,TD,50,100,-84.48,NA,NA,172.96,180.73,0.629901704,0.599634443,1.13030682,0.397790055,1.11409404,NA
RSTD,TD,51,100,-105.45,NA,NA,214.9,222.67,0.958562755,0.446684151,1.468605189,0.280848058,0.876324718,NA
RSTD,TD,52,100,-89.54,NA,NA,183.08,190.85,0.378760502,0.716149266,1.183828596,0.854239692,1.371478969,NA
RSTD,TD,53,100,-198.06,NA,NA,400.12,407.89,0.843001339,0.428967847,0.430095954,0.312202013,0.190010085,NA
RSTD,TD,54,100,-103.93,NA,NA,211.86,219.63,0.111280993,0.926345026,1.52358876,0.991816739,3.199124164,NA
RSTD,TD,55,100,-84.99,NA,NA,173.98,181.75,0.231767057,0.779834398,3.557625862,0.883917291,2.605803728,NA
RSTD,TD,56,100,-85.47,NA,NA,174.94,182.71,0.386252531,0.815260801,1.644740685,0.883181257,2.641912098,NA
RSTD,TD,57,100,-197.89,NA,NA,399.78,407.55,0.652987489,0.6702823,0.116263606,0.662365444,0.091669015,NA
RSTD,TD,58,100,-186.11,NA,NA,376.22,383.99,0.560497719,0.274772667,0.529099579,0.204361565,0.322079917,NA
RSTD,TD,59,100,-104.64,NA,NA,213.28,221.05,0.59710633,0.589335348,0.931611172,0.40361899,0.800990878,NA
RSTD,TD,60,100,-77.84,NA,NA,159.68,167.45,0.987134295,0.800411854,1.297647141,0.837979776,1.606577856,NA
RSTD,TD,61,100,-204.21,NA,NA,412.42,420.19,0.718285635,0.565618214,0.064915997,0.715351763,0.052927566,NA
RSTD,TD,62,100,-221.98,NA,NA,447.96,455.73,0.12512722,0.773224814,0.583291863,0.47232454,0.06406149,NA
RSTD,TD,63,100,-203.46,NA,NA,410.92,418.69,0.499009405,0.098831951,0.092432989,0.028640081,0.060324668,NA
RSTD,TD,64,100,-93.64,NA,NA,191.28,199.05,0.333673485,0.454882016,2.706964234,0.371741719,1.203577786,NA
RSTD,TD,65,100,-122.75,NA,NA,249.5,257.27,0.810415167,0.018728345,0.165121834,0.020352447,0.262648702,NA
RSTD,TD,66,100,-182.82,NA,NA,369.64,377.41,0.461979309,0.296923782,0.458040716,0.235263459,0.369685301,NA
RSTD,TD,67,100,-208.86,NA,NA,421.72,429.49,0.285626433,0.528872284,0.147296045,0.495326048,0.080881443,NA
RSTD,TD,68,100,-187.85,NA,NA,379.7,387.47,0.732509627,0.600311974,0.449271725,0.318254128,0.253561852,NA
RSTD,TD,69,100,-133.07,NA,NA,270.14,277.91,0.977929984,0.529096167,0.751786147,0.302248551,0.574361059,NA
RSTD,TD,70,100,-145.79,NA,NA,295.58,303.35,0.98177182,0.159414227,0.477379389,0.002747535,0.382075753,NA
RSTD,TD,71,100,-195.61,NA,NA,395.22,402.99,0.922829337,0.366323065,0.086443076,0.429081279,0.10683547,NA
RSTD,TD,72,100,-90.07,NA,NA,184.14,191.91,0.437475311,0.144657691,1.512042457,0.070131391,1.500913813,NA
RSTD,TD,73,100,-126.03,NA,NA,256.06,263.83,0.081240393,0.858433881,1.576746266,0.923759029,2.410345108,NA
RSTD,TD,74,100,-212.97,NA,NA,429.94,437.71,0.76906401,0.423705151,0.055009087,0.082489345,0.04107186,NA
RSTD,TD,75,100,-242.4,NA,NA,488.8,496.57,0.272335054,0.099244234,0.019572684,0.083873819,1.78E-08,NA
RSTD,TD,76,100,-109.86,NA,NA,223.72,231.49,0.714246998,0.356464033,1.335081906,0.225712519,1.015497321,NA
RSTD,TD,77,100,-84.99,NA,NA,173.98,181.75,0.1651053,0.620260003,2.117596302,0.883917291,2.605803728,NA
RSTD,TD,78,100,-197.48,NA,NA,398.96,406.73,0.948594216,0.818483958,0.400698857,0.805059492,0.368290702,NA
RSTD,TD,79,100,-223.25,NA,NA,450.5,458.27,0.641159481,0.713674182,0.041482872,0.664528435,0.02887768,NA
RSTD,TD,80,100,-79.46,NA,NA,162.92,170.69,0.602592711,0.79892313,1.657775987,0.851365467,1.741662121,NA
RSTD,TD,81,100,-122.39,NA,NA,248.78,256.55,0.026832678,0.983408807,1.428271259,0.961338468,3.521311625,NA
RSTD,TD,82,100,-211.93,NA,NA,427.86,435.63,0.39037489,0.210965644,0.070930112,0.03213364,0.049232276,NA
RSTD,TD,83,100,-127.69,NA,NA,259.38,267.15,0.909624357,0.065516321,0.479556284,0.012004797,0.501204521,NA
RSTD,TD,84,100,-120.44,NA,NA,244.88,252.65,0.89458572,0.928069569,0.784675158,0.85812384,0.691946631,NA
RSTD,TD,85,100,-130.67,NA,NA,265.34,273.11,0.167125978,0.591124507,0.769183936,0.880950107,0.642757818,NA
RSTD,TD,86,100,-214.27,NA,NA,432.54,440.31,0.096351532,0.187938303,0.166461431,0.170740408,0.072021707,NA
RSTD,TD,87,100,-90.17,NA,NA,184.34,192.11,0.81258235,0.879132094,4.40387531,0.860949658,1.434779296,NA
RSTD,TD,88,100,-202.15,NA,NA,408.3,416.07,0.44896121,0.690639522,0.123227803,0.533708575,0.098402824,NA
RSTD,TD,89,100,-123.15,NA,NA,250.3,258.07,0.352596259,0.519048273,0.771270071,0.776948964,0.58665785,NA
RSTD,TD,90,100,-62.4,NA,NA,128.8,136.57,0.713129502,0.112127762,3.417423472,0.017940692,3.63348926,NA
RSTD,TD,91,100,-217.06,NA,NA,438.12,445.89,0.102771485,0.098519151,0.348240172,0.336281971,0.100592147,NA
RSTD,TD,92,100,-210.58,NA,NA,425.16,432.93,0.149973102,0.461772012,0.26133319,0.342484751,0.081056175,NA
RSTD,TD,93,100,-130.78,NA,NA,265.56,273.33,0.435881547,0.780427941,0.681397346,0.813703273,0.595771876,NA
RSTD,TD,94,100,-77.84,NA,NA,159.68,167.45,0.975024477,0.799848799,4.332818228,0.837979776,1.606577856,NA
RSTD,TD,95,100,-187.37,NA,NA,378.74,386.51,0.723246149,0.62337863,0.456225722,0.322499671,0.260045739,NA
RSTD,TD,96,100,-184.62,NA,NA,373.24,381.01,0.323681307,0.444453429,0.446843124,0.318802087,0.273830351,NA
RSTD,TD,97,100,-204.99,NA,NA,413.98,421.75,0.52151065,0.409498472,0.118169202,0.425642188,0.091658898,NA
RSTD,TD,98,100,-193.35,NA,NA,390.7,398.47,0.418908317,0.978637759,0.211078093,0.567568456,0.115121465,NA
RSTD,TD,99,100,-107.85,NA,NA,219.7,227.47,0.789539839,0.418743935,2.493489913,0.271253387,0.984970111,NA
RSTD,TD,100,100,-198.5,NA,NA,401,408.77,0.956703608,0.607802341,0.108669339,0.555426268,0.114281704,NA
RSTD,RSTD,1,100,-85.77,NA,NA,177.54,189.2,0.28510789,0.724670133,1.435616042,0.799438519,0.876807592,1.983852472
RSTD,RSTD,2,100,-136.26,NA,NA,278.52,290.18,0.950232451,0.206436974,0.364579517,0.934981811,0.162591497,0.314408293
RSTD,RSTD,3,100,-86.77,NA,NA,179.54,191.2,0.536011227,0.200363578,1.005684399,0.999999543,0.181998059,1.012201643
RSTD,RSTD,4,100,-204.75,NA,NA,415.5,427.16,0.321220334,0.649332832,0.142882495,0.362475419,0.670622554,0.098336968
RSTD,RSTD,5,100,-192.76,NA,NA,391.52,403.18,0.525106648,0.973066304,0.392999499,0.509807821,0.745258888,0.281317363
RSTD,RSTD,6,100,-85.03,NA,NA,176.06,187.72,0.895209939,0.943225271,3.353856489,0.775909585,0.871606072,1.984043144
RSTD,RSTD,7,100,-170.55,NA,NA,347.1,358.76,0.753931205,0.197620301,0.189836999,0.744233919,0.154559324,0.150754399
RSTD,RSTD,8,100,-48.55,NA,NA,103.1,114.76,0.056064042,0.783013365,3.414416931,2.08E-07,0.945879463,4.013201242
RSTD,RSTD,9,100,-194.04,NA,NA,394.08,405.74,0.479448032,0.989872475,0.208000437,0.407181182,0.618703242,0.12809733
RSTD,RSTD,10,100,-78.11,NA,NA,162.22,173.88,0.711294804,0.788163987,2.309730863,0.417391452,0.712342627,3.302832124
RSTD,RSTD,11,100,-85.39,NA,NA,176.78,188.44,0.504834934,0.797194604,2.505488173,0.939566978,0.858637436,1.236159714
RSTD,RSTD,12,100,-142.06,NA,NA,290.12,301.78,0.731893435,0.395451756,0.618170124,0.609611619,0.296938702,0.496547683
RSTD,RSTD,13,100,-78.11,NA,NA,162.22,173.88,0.27597738,0.511981163,2.391249828,0.417391452,0.712342627,3.302832124
RSTD,RSTD,14,100,-111.03,NA,NA,228.06,239.72,0.226354157,0.160335691,0.894037934,0.396924226,0.21076529,0.636282445
RSTD,RSTD,15,100,-85.03,NA,NA,176.06,187.72,0.315573724,0.984172471,1.696046736,0.775909585,0.871606072,1.984043144
RSTD,RSTD,16,100,-189.65,NA,NA,385.3,396.96,0.540354024,0.854036245,0.362152149,0.4075591,0.602483757,0.223362368
RSTD,RSTD,17,100,-57.78,NA,NA,121.56,133.22,0.663591618,0.066055891,1.975677816,0.916075541,1.22E-08,4.747709467
RSTD,RSTD,18,100,-115.05,NA,NA,236.1,247.76,0.973287776,0.630256614,0.85552939,0.83672201,0.448085278,0.764741637
RSTD,RSTD,19,100,-187.1,NA,NA,380.2,391.86,0.340647829,0.98891032,0.211397309,0.356462484,0.676765969,0.185273768
RSTD,RSTD,20,100,-57.78,NA,NA,121.56,133.22,0.329378832,0.062854049,2.339677157,0.916075541,1.22E-08,4.747709467
RSTD,RSTD,21,100,-162.14,NA,NA,330.28,341.94,0.285566802,0.050838586,0.410096169,0.28283188,0.058365702,0.310131243
RSTD,RSTD,22,100,-131.72,NA,NA,269.44,281.1,0.684979063,0.438995203,0.685128961,0.702586319,0.367812013,0.570097675
RSTD,RSTD,23,100,-100.95,NA,NA,207.9,219.56,0.529962482,0.271155191,2.695036756,0.611771829,0.255957287,0.817674606
RSTD,RSTD,24,100,-192.31,NA,NA,390.62,402.28,0.779200295,0.728794122,0.160821524,0.93051697,0.593113466,0.091915502
RSTD,RSTD,25,100,-139.36,NA,NA,284.72,296.38,0.028121843,0.533772448,0.225168376,0.050246741,0.998377395,0.197175795
RSTD,RSTD,26,100,-125.24,NA,NA,256.48,268.14,0.12886257,0.170501331,1.375155286,0.225475225,0.244233513,0.75838551
RSTD,RSTD,27,100,-79.56,NA,NA,165.12,176.78,0.980796685,0.860091791,1.200172115,0.920414273,0.856111302,1.297811458
RSTD,RSTD,28,100,-236.17,NA,NA,478.34,490,0.633000508,0.959949327,0.024020249,0.999993349,0.947986698,0.017460056
RSTD,RSTD,29,100,-89.25,NA,NA,184.5,196.16,0.234798391,0.405485673,3.895282304,0.322809561,0.390646425,1.143826627
RSTD,RSTD,30,100,-221.96,NA,NA,449.92,461.58,0.319981757,0.632078265,0.055958746,0.550611701,0.818317369,0.038640678
RSTD,RSTD,31,100,-85.03,NA,NA,176.06,187.72,0.417691255,0.885661983,1.476226386,0.775909585,0.871606072,1.984043144
RSTD,RSTD,32,100,-224.89,NA,NA,455.78,467.44,0.119032545,0.605491037,0.045998277,0.081420423,0.195731988,0.038324404
RSTD,RSTD,33,100,-78.11,NA,NA,162.22,173.88,0.82435292,0.753800751,2.898788968,0.417391452,0.712342627,3.302832124
RSTD,RSTD,34,100,-76.57,NA,NA,159.14,170.8,0.080542078,0.691564819,3.251044437,0.058315325,0.949173033,1.183816905
RSTD,RSTD,35,100,-114.51,NA,NA,235.02,246.68,0.788759883,0.407168375,0.881073235,0.824020933,0.351742847,0.702421794
RSTD,RSTD,36,100,-168.61,NA,NA,343.22,354.88,0.960197768,0.814909123,0.491239995,0.972991849,0.773566941,0.426399539
RSTD,RSTD,37,100,-170.28,NA,NA,346.56,358.22,0.983733647,0.387793876,0.184212701,0.976498384,0.300799195,0.132545009
RSTD,RSTD,38,100,-81.3,NA,NA,168.6,180.26,0.640330957,0.661732342,1.101572242,0.366232459,0.611743255,1.229237771
RSTD,RSTD,39,100,-79.56,NA,NA,165.12,176.78,0.591888565,0.781977394,1.173358509,0.920414273,0.856111302,1.297811458
RSTD,RSTD,40,100,-158.6,NA,NA,323.2,334.86,0.185236022,0.9270173,0.406216487,0.199316595,0.977572322,0.349853903
RSTD,RSTD,41,100,-94.98,NA,NA,195.96,207.62,0.595247176,0.540940156,1.711589193,0.690746381,0.419077622,1.187264782
RSTD,RSTD,42,100,-191.61,NA,NA,389.22,400.88,0.26540178,0.195171547,0.226954525,0.895886094,0.335828837,0.091507803
RSTD,RSTD,43,100,-211.4,NA,NA,428.8,440.46,0.604935176,0.398145136,0.048580125,0.999997775,0.325247729,0.037219092
RSTD,RSTD,44,100,-175,NA,NA,356,367.66,0.47024403,0.685449249,0.648697707,0.742106017,0.744137331,0.40357938
RSTD,RSTD,45,100,-195.57,NA,NA,397.14,408.8,0.371720403,0.503097831,0.322839246,0.395518885,0.424046089,0.15821365
RSTD,RSTD,46,100,-194.64,NA,NA,395.28,406.94,0.361050225,0.370053819,0.17356707,0.561856459,0.434339374,0.125451933
RSTD,RSTD,47,100,-79.56,NA,NA,165.12,176.78,0.594613759,0.789667063,2.045440037,0.920414273,0.856111302,1.297811458
RSTD,RSTD,48,100,-57.78,NA,NA,121.56,133.22,0.628910263,0.036939822,1.354085966,0.916075541,1.22E-08,4.747709467
RSTD,RSTD,49,100,-102.98,NA,NA,211.96,223.62,0.254382239,0.857857149,0.936107956,0.668564916,0.832413536,0.867373985
RSTD,RSTD,50,100,-81.16,NA,NA,168.32,179.98,0.629901704,0.599634443,1.13030682,0.999999965,0.518682214,1.916276199
RSTD,RSTD,51,100,-95.99,NA,NA,197.98,209.64,0.958562755,0.446684151,1.468605189,0.720734493,0.34918529,0.866940428
RSTD,RSTD,52,100,-89.62,NA,NA,185.24,196.9,0.378760502,0.716149266,1.183828596,0.877757898,0.853823323,1.186918525
RSTD,RSTD,53,100,-166.02,NA,NA,338.04,349.7,0.843001339,0.428967847,0.430095954,0.69866833,0.255898008,0.261762877
RSTD,RSTD,54,100,-68.35,NA,NA,142.7,154.36,0.111280993,0.926345026,1.52358876,0.100231191,0.92199109,2.533109847
RSTD,RSTD,55,100,-85.03,NA,NA,176.06,187.72,0.231767057,0.779834398,3.557625862,0.775909585,0.871606072,1.984043144
RSTD,RSTD,56,100,-85.77,NA,NA,177.54,189.2,0.386252531,0.815260801,1.644740685,0.799438519,0.876807592,1.983852472
RSTD,RSTD,57,100,-195.23,NA,NA,396.46,408.12,0.652987489,0.6702823,0.116263606,0.88457189,0.554629083,0.086439926
RSTD,RSTD,58,100,-161.47,NA,NA,328.94,340.6,0.560497719,0.274772667,0.529099579,0.629023488,0.230016775,0.305093795
RSTD,RSTD,59,100,-103.66,NA,NA,213.32,224.98,0.59710633,0.589335348,0.931611172,0.72929011,0.490426769,0.82428052
RSTD,RSTD,60,100,-78.11,NA,NA,162.22,173.88,0.987134295,0.800411854,1.297647141,0.417391452,0.712342627,3.302832124
RSTD,RSTD,61,100,-202.86,NA,NA,411.72,423.38,0.718285635,0.565618214,0.064915997,0.999997246,0.647116398,0.046853494
RSTD,RSTD,62,100,-144.17,NA,NA,294.34,306,0.12512722,0.773224814,0.583291863,0.10066451,0.89116851,0.524159573
RSTD,RSTD,63,100,-196.67,NA,NA,399.34,411,0.499009405,0.098831951,0.092432989,0.926495953,0.129759043,0.066094364
RSTD,RSTD,64,100,-93.67,NA,NA,193.34,205,0.333673485,0.454882016,2.706964234,0.734263702,0.470711123,1.370118288
RSTD,RSTD,65,100,-121.32,NA,NA,248.64,260.3,0.810415167,0.018728345,0.165121834,0.985859777,8.81E-08,0.164139917
RSTD,RSTD,66,100,-164.12,NA,NA,334.24,345.9,0.461979309,0.296923782,0.458040716,0.55039213,0.256077451,0.306250187
RSTD,RSTD,67,100,-205.8,NA,NA,417.6,429.26,0.285626433,0.528872284,0.147296045,0.377989266,0.6908654,0.092462952
RSTD,RSTD,68,100,-179.55,NA,NA,365.1,376.76,0.732509627,0.600311974,0.449271725,0.602133273,0.330009435,0.221808514
RSTD,RSTD,69,100,-127.32,NA,NA,260.64,272.3,0.977929984,0.529096167,0.751786147,0.894467052,0.409818101,0.573775062
RSTD,RSTD,70,100,-127.31,NA,NA,260.62,272.28,0.98177182,0.159414227,0.477379389,0.674945064,0.118007643,0.435615716
RSTD,RSTD,71,100,-188.21,NA,NA,382.42,394.08,0.922829337,0.366323065,0.086443076,0.754226501,0.284406071,0.085687288
RSTD,RSTD,72,100,-71.07,NA,NA,148.14,159.8,0.437475311,0.144657691,1.512042457,0.303491963,0.120260444,1.672185075
RSTD,RSTD,73,100,-68.45,NA,NA,142.9,154.56,0.081240393,0.858433881,1.576746266,0.089700601,0.917323167,3.343452739
RSTD,RSTD,74,100,-209.86,NA,NA,425.72,437.38,0.76906401,0.423705151,0.055009087,0.992293114,0.288730129,0.040029385
RSTD,RSTD,75,100,-242.4,NA,NA,490.8,502.46,0.272335054,0.099244234,0.019572684,0.129803104,0.51344834,6.61E-10
RSTD,RSTD,76,100,-93.75,NA,NA,193.5,205.16,0.714246998,0.356464033,1.335081906,0.644406032,0.303562458,1.064718104
RSTD,RSTD,77,100,-85.03,NA,NA,176.06,187.72,0.1651053,0.620260003,2.117596302,0.775909585,0.871606072,1.984043144
RSTD,RSTD,78,100,-192.95,NA,NA,391.9,403.56,0.948594216,0.818483958,0.400698857,0.93105992,0.775934211,0.361174589
RSTD,RSTD,79,100,-223.23,NA,NA,452.46,464.12,0.641159481,0.713674182,0.041482872,0.569295423,0.627382031,0.029745573
RSTD,RSTD,80,100,-79.56,NA,NA,165.12,176.78,0.602592711,0.79892313,1.657775987,0.920414273,0.856111302,1.297811458
RSTD,RSTD,81,100,-48.55,NA,NA,103.1,114.76,0.026832678,0.983408807,1.428271259,2.08E-07,0.945879463,4.013201242
RSTD,RSTD,82,100,-206.87,NA,NA,419.74,431.4,0.39037489,0.210965644,0.070930112,0.991521394,0.212623093,0.051835594
RSTD,RSTD,83,100,-123.62,NA,NA,253.24,264.9,0.909624357,0.065516321,0.479556284,0.630890688,0.050993807,0.402529272
RSTD,RSTD,84,100,-120.23,NA,NA,246.46,258.12,0.89458572,0.928069569,0.784675158,0.777727564,0.850978098,0.694109991
RSTD,RSTD,85,100,-124.12,NA,NA,254.24,265.9,0.167125978,0.591124507,0.769183936,0.170097072,0.618184538,0.643778839
RSTD,RSTD,86,100,-213.58,NA,NA,433.16,444.82,0.096351532,0.187938303,0.166461431,0.137284068,0.198425636,0.07724705
RSTD,RSTD,87,100,-90.23,NA,NA,186.46,198.12,0.81258235,0.879132094,4.40387531,0.17851481,0.533675415,1.241344343
RSTD,RSTD,88,100,-200.8,NA,NA,407.6,419.26,0.44896121,0.690639522,0.123227803,0.430553052,0.623592773,0.113469395
RSTD,RSTD,89,100,-122.91,NA,NA,251.82,263.48,0.352596259,0.519048273,0.771270071,0.906225471,0.802107458,0.593109752
RSTD,RSTD,90,100,-59.29,NA,NA,124.58,136.24,0.713129502,0.112127762,3.417423472,0.929033774,0.100908587,4.999999645
RSTD,RSTD,91,100,-213.59,NA,NA,433.18,444.84,0.102771485,0.098519151,0.348240172,0.599255754,0.264495168,0.079339762
RSTD,RSTD,92,100,-194.46,NA,NA,394.92,406.58,0.149973102,0.461772012,0.26133319,0.155892586,0.458660994,0.19252591
RSTD,RSTD,93,100,-129.56,NA,NA,265.12,276.78,0.435881547,0.780427941,0.681397346,0.191221277,0.497168496,0.592845617
RSTD,RSTD,94,100,-78.11,NA,NA,162.22,173.88,0.975024477,0.799848799,4.332818228,0.417391452,0.712342627,3.302832124
RSTD,RSTD,95,100,-179.03,NA,NA,364.06,375.72,0.723246149,0.62337863,0.456225722,0.525583808,0.319574356,0.219753383
RSTD,RSTD,96,100,-184.77,NA,NA,375.54,387.2,0.323681307,0.444453429,0.446843124,0.346718092,0.370490829,0.25943568
RSTD,RSTD,97,100,-198.02,NA,NA,402.04,413.7,0.52151065,0.409498472,0.118169202,0.984931905,0.377853577,0.076072938
RSTD,RSTD,98,100,-190.37,NA,NA,386.74,398.4,0.418908317,0.978637759,0.211078093,0.357402644,0.598747656,0.159006831
RSTD,RSTD,99,100,-95.79,NA,NA,197.58,209.24,0.789539839,0.418743935,2.493489913,0.731005648,0.356239702,1.02867641
RSTD,RSTD,100,100,-196.27,NA,NA,398.54,410.2,0.956703608,0.607802341,0.108669339,0.999999585,0.559081828,0.080957087
RSTD,Utility,1,100,-85.55,NA,NA,177.1,188.76,0.28510789,0.724670133,1.435616042,0.89130123,0.934962436,3.426121092
RSTD,Utility,2,100,-168.69,NA,NA,343.38,355.04,0.950232451,0.206436974,0.364579517,2.02E-07,0.40894082,0.662678291
RSTD,Utility,3,100,-108.7,NA,NA,223.4,235.06,0.536011227,0.200363578,1.005684399,0.133347494,0.592618623,4.999425004
RSTD,Utility,4,100,-208.3,NA,NA,422.6,434.26,0.321220334,0.649332832,0.142882495,0.378176784,0.775307931,0.206864894
RSTD,Utility,5,100,-196.25,NA,NA,398.5,410.16,0.525106648,0.973066304,0.392999499,0.873896517,0.624526937,1.925779856
RSTD,Utility,6,100,-84.85,NA,NA,175.7,187.36,0.895209939,0.943225271,3.353856489,0.892289786,0.948839198,4.224162554
RSTD,Utility,7,100,-194.17,NA,NA,394.34,406,0.753931205,0.197620301,0.189836999,0.246524639,0.532904507,0.867610079
RSTD,Utility,8,100,-122.39,NA,NA,250.78,262.44,0.056064042,0.783013365,3.414416931,0.98941578,0.941407772,4.23298468
RSTD,Utility,9,100,-197.42,NA,NA,400.84,412.5,0.479448032,0.989872475,0.208000437,0.482520583,0.766810672,0.259070392
RSTD,Utility,10,100,-77.84,NA,NA,161.68,173.34,0.711294804,0.788163987,2.309730863,0.836923169,0.99483926,1.588845421
RSTD,Utility,11,100,-85.09,NA,NA,176.18,187.84,0.504834934,0.797194604,2.505488173,0.867398562,0.951885959,2.118151658
RSTD,Utility,12,100,-167.6,NA,NA,341.2,352.86,0.731893435,0.395451756,0.618170124,0.353068361,0.999997423,0.467880158
RSTD,Utility,13,100,-77.84,NA,NA,161.68,173.34,0.27597738,0.511981163,2.391249828,0.836923169,0.99483926,1.588845421
RSTD,Utility,14,100,-115.02,NA,NA,236.04,247.7,0.226354157,0.160335691,0.894037934,0.230637394,0.58063107,4.999990057
RSTD,Utility,15,100,-84.85,NA,NA,175.7,187.36,0.315573724,0.984172471,1.696046736,0.892289786,0.948839198,4.224162554
RSTD,Utility,16,100,-197.09,NA,NA,400.18,411.84,0.540354024,0.854036245,0.362152149,0.857968875,0.634547182,1.682617345
RSTD,Utility,17,100,-57.78,NA,NA,121.56,133.22,0.663591618,0.066055891,1.975677816,1.12E-05,0.963037318,3.532987676
RSTD,Utility,18,100,-116.51,NA,NA,239.02,250.68,0.973287776,0.630256614,0.85552939,0.442339143,0.607600296,4.956262236
RSTD,Utility,19,100,-195.04,NA,NA,396.08,407.74,0.340647829,0.98891032,0.211397309,0.614989189,0.721538291,0.341352184
RSTD,Utility,20,100,-57.78,NA,NA,121.56,133.22,0.329378832,0.062854049,2.339677157,1.12E-05,0.963037318,3.532987676
RSTD,Utility,21,100,-176.31,NA,NA,358.62,370.28,0.285566802,0.050838586,0.410096169,0.029976544,0.616272573,0.476003363
RSTD,Utility,22,100,-133.52,NA,NA,273.04,284.7,0.684979063,0.438995203,0.685128961,0.395999533,0.557751535,4.931847063
RSTD,Utility,23,100,-106.63,NA,NA,219.26,230.92,0.529962482,0.271155191,2.695036756,0.266247301,0.618860437,4.999980934
RSTD,Utility,24,100,-196.74,NA,NA,399.48,411.14,0.779200295,0.728794122,0.160821524,0.624496732,0.538147689,0.449535088
RSTD,Utility,25,100,-217.17,NA,NA,440.34,452,0.028121843,0.533772448,0.225168376,0.319400545,6.63E-08,2.223329775
RSTD,Utility,26,100,-125.3,NA,NA,256.6,268.26,0.12886257,0.170501331,1.375155286,0.237399541,0.999999845,0.792463443
RSTD,Utility,27,100,-79.46,NA,NA,164.92,176.58,0.980796685,0.860091791,1.200172115,0.85180146,0.978787957,1.728022523
RSTD,Utility,28,100,-236.69,NA,NA,479.38,491.04,0.633000508,0.959949327,0.024020249,0.999998255,0.216469146,0.292194175
RSTD,Utility,29,100,-89.91,NA,NA,185.82,197.48,0.234798391,0.405485673,3.895282304,0.425542678,0.999998056,1.094249629
RSTD,Utility,30,100,-222.53,NA,NA,451.06,462.72,0.319981757,0.632078265,0.055958746,0.624465162,0.312382883,0.473363142
RSTD,Utility,31,100,-84.85,NA,NA,175.7,187.36,0.417691255,0.885661983,1.476226386,0.892289786,0.948839198,4.224162554
RSTD,Utility,32,100,-226.95,NA,NA,459.9,471.56,0.119032545,0.605491037,0.045998277,0.185498631,0.298412736,0.469258459
RSTD,Utility,33,100,-77.84,NA,NA,161.68,173.34,0.82435292,0.753800751,2.898788968,0.836923169,0.99483926,1.588845421
RSTD,Utility,34,100,-137.47,NA,NA,280.94,292.6,0.080542078,0.691564819,3.251044437,0.944689072,0.768263074,4.830480109
RSTD,Utility,35,100,-117.96,NA,NA,241.92,253.58,0.788759883,0.407168375,0.881073235,0.336952582,0.590378499,4.925144526
RSTD,Utility,36,100,-180.37,NA,NA,366.74,378.4,0.960197768,0.814909123,0.491239995,0.850253322,0.935392957,0.589927652
RSTD,Utility,37,100,-185.43,NA,NA,376.86,388.52,0.983733647,0.387793876,0.184212701,0.389748769,0.737328167,0.435224977
RSTD,Utility,38,100,-80.68,NA,NA,167.36,179.02,0.640330957,0.661732342,1.101572242,0.834718244,0.87970758,1.871904818
RSTD,Utility,39,100,-79.46,NA,NA,164.92,176.58,0.591888565,0.781977394,1.173358509,0.85180146,0.978787957,1.728022523
RSTD,Utility,40,100,-218.93,NA,NA,443.86,455.52,0.185236022,0.9270173,0.406216487,0.421003649,0.663947123,0.29974953
RSTD,Utility,41,100,-97.97,NA,NA,201.94,213.6,0.595247176,0.540940156,1.711589193,0.406195682,0.683084735,4.999994457
RSTD,Utility,42,100,-197.37,NA,NA,400.74,412.4,0.26540178,0.195171547,0.226954525,0.371421741,0.747829407,0.369520323
RSTD,Utility,43,100,-213.24,NA,NA,432.48,444.14,0.604935176,0.398145136,0.048580125,0.213318598,0.014528673,1.395146015
RSTD,Utility,44,100,-175.21,NA,NA,356.42,368.08,0.47024403,0.685449249,0.648697707,0.818021551,0.686197955,1.738092278
RSTD,Utility,45,100,-195.94,NA,NA,397.88,409.54,0.371720403,0.503097831,0.322839246,0.368831372,0.810393374,0.323596829
RSTD,Utility,46,100,-195.33,NA,NA,396.66,408.32,0.361050225,0.370053819,0.17356707,0.497650896,0.786996654,0.307466386
RSTD,Utility,47,100,-79.46,NA,NA,164.92,176.58,0.594613759,0.789667063,2.045440037,0.85180146,0.978787957,1.728022523
RSTD,Utility,48,100,-57.78,NA,NA,121.56,133.22,0.628910263,0.036939822,1.354085966,1.12E-05,0.963037318,3.532987676
RSTD,Utility,49,100,-103.19,NA,NA,212.38,224.04,0.254382239,0.857857149,0.936107956,0.872668468,0.954009865,1.076182815
RSTD,Utility,50,100,-83.37,NA,NA,172.74,184.4,0.629901704,0.599634443,1.13030682,0.470250774,0.696286353,4.999996044
RSTD,Utility,51,100,-99.51,NA,NA,205.02,216.68,0.958562755,0.446684151,1.468605189,0.345643079,0.635530183,4.999981872
RSTD,Utility,52,100,-89.48,NA,NA,184.96,196.62,0.378760502,0.716149266,1.183828596,0.865374216,0.91786142,2.0047813
RSTD,Utility,53,100,-201.7,NA,NA,409.4,421.06,0.843001339,0.428967847,0.430095954,0.281957111,0.823645642,0.387851188
RSTD,Utility,54,100,-103.93,NA,NA,213.86,225.52,0.111280993,0.926345026,1.52358876,0.999999898,0.930777119,4.009136039
RSTD,Utility,55,100,-84.85,NA,NA,175.7,187.36,0.231767057,0.779834398,3.557625862,0.892289786,0.948839198,4.224162554
RSTD,Utility,56,100,-85.55,NA,NA,177.1,188.76,0.386252531,0.815260801,1.644740685,0.89130123,0.934962436,3.426121092
RSTD,Utility,57,100,-199.58,NA,NA,405.16,416.82,0.652987489,0.6702823,0.116263606,0.589002533,0.500352263,0.542161214
RSTD,Utility,58,100,-186.41,NA,NA,378.82,390.48,0.560497719,0.274772667,0.529099579,0.201230532,0.986767564,0.348827975
RSTD,Utility,59,100,-104.13,NA,NA,214.26,225.92,0.59710633,0.589335348,0.931611172,0.492237285,0.629551776,4.999995096
RSTD,Utility,60,100,-77.84,NA,NA,161.68,173.34,0.987134295,0.800411854,1.297647141,0.836923169,0.99483926,1.588845421
RSTD,Utility,61,100,-203.98,NA,NA,413.96,425.62,0.718285635,0.565618214,0.064915997,0.784130461,0.288974303,0.658336732
RSTD,Utility,62,100,-225.28,NA,NA,456.56,468.22,0.12512722,0.773224814,0.583291863,0.569834578,0.44730944,0.454573773
RSTD,Utility,63,100,-204.11,NA,NA,414.22,425.88,0.499009405,0.098831951,0.092432989,0.115484564,0.016971611,2.566332366
RSTD,Utility,64,100,-93.71,NA,NA,193.42,205.08,0.333673485,0.454882016,2.706964234,0.388450432,0.929079993,1.675006957
RSTD,Utility,65,100,-120.64,NA,NA,247.28,258.94,0.810415167,0.018728345,0.165121834,1.80E-07,0.398207307,2.750680361
RSTD,Utility,66,100,-183.21,NA,NA,372.42,384.08,0.461979309,0.296923782,0.458040716,0.239000901,0.963874195,0.444648452
RSTD,Utility,67,100,-209.81,NA,NA,425.62,437.28,0.285626433,0.528872284,0.147296045,0.554409751,0.46125041,0.57289631
RSTD,Utility,68,100,-187.95,NA,NA,381.9,393.56,0.732509627,0.600311974,0.449271725,0.299263535,0.999980749,0.27065983
RSTD,Utility,69,100,-129.16,NA,NA,264.32,275.98,0.977929984,0.529096167,0.751786147,0.408126451,0.561924965,4.982252883
RSTD,Utility,70,100,-145.87,NA,NA,297.74,309.4,0.98177182,0.159414227,0.477379389,1.90E-08,0.50935479,4.317796291
RSTD,Utility,71,100,-191.88,NA,NA,389.76,401.42,0.922829337,0.366323065,0.086443076,0.504101585,0.013036831,3.22248033
RSTD,Utility,72,100,-81.81,NA,NA,169.62,181.28,0.437475311,0.144657691,1.512042457,0.105233866,0.699104039,4.999994339
RSTD,Utility,73,100,-126.04,NA,NA,258.08,269.74,0.081240393,0.858433881,1.576746266,0.929300503,0.973674973,2.42191779
RSTD,Utility,74,100,-211.87,NA,NA,429.74,441.4,0.76906401,0.423705151,0.055009087,0.155957724,1.98E-07,1.701231318
RSTD,Utility,75,100,-242.4,NA,NA,490.8,502.46,0.272335054,0.099244234,0.019572684,9.94E-07,0.456194245,8.69E-07
RSTD,Utility,76,100,-99.02,NA,NA,204.04,215.7,0.714246998,0.356464033,1.335081906,0.277041291,0.672117639,4.999998235
RSTD,Utility,77,100,-84.85,NA,NA,175.7,187.36,0.1651053,0.620260003,2.117596302,0.892289786,0.948839198,4.224162554
RSTD,Utility,78,100,-197.56,NA,NA,401.12,412.78,0.948594216,0.818483958,0.400698857,0.886800174,0.588922691,2.695239364
RSTD,Utility,79,100,-223.84,NA,NA,453.68,465.34,0.641159481,0.713674182,0.041482872,0.377976962,0.329615034,0.341570042
RSTD,Utility,80,100,-79.46,NA,NA,164.92,176.58,0.602592711,0.79892313,1.657775987,0.85180146,0.978787957,1.728022523
RSTD,Utility,81,100,-122.39,NA,NA,250.78,262.44,0.026832678,0.983408807,1.428271259,0.98941578,0.941407772,4.23298468
RSTD,Utility,82,100,-214,NA,NA,434,445.66,0.39037489,0.210965644,0.070930112,0.086353686,0.112367513,1.181324113
RSTD,Utility,83,100,-127.41,NA,NA,260.82,272.48,0.909624357,0.065516321,0.479556284,1.03E-08,0.500654992,4.53288611
RSTD,Utility,84,100,-120.49,NA,NA,246.98,258.64,0.89458572,0.928069569,0.784675158,0.878374818,0.854670306,1.355545696
RSTD,Utility,85,100,-130.79,NA,NA,267.58,279.24,0.167125978,0.591124507,0.769183936,0.901867013,0.83917001,1.375578483
RSTD,Utility,86,100,-217.09,NA,NA,440.18,451.84,0.096351532,0.187938303,0.166461431,0.149605411,0.258625111,0.889505042
RSTD,Utility,87,100,-90.17,NA,NA,186.34,198,0.81258235,0.879132094,4.40387531,0.860687223,0.999998661,1.444238971
RSTD,Utility,88,100,-203.36,NA,NA,412.72,424.38,0.44896121,0.690639522,0.123227803,0.622800083,0.598664068,0.453994257
RSTD,Utility,89,100,-123.1,NA,NA,252.2,263.86,0.352596259,0.519048273,0.771270071,0.79166552,0.951073605,0.73434498
RSTD,Utility,90,100,-62.4,NA,NA,130.8,142.46,0.713129502,0.112127762,3.417423472,1.71E-08,0.990189494,3.110178557
RSTD,Utility,91,100,-217.53,NA,NA,441.06,452.72,0.102771485,0.098519151,0.348240172,0.343597209,0.768844864,0.194273649
RSTD,Utility,92,100,-212.19,NA,NA,430.38,442.04,0.149973102,0.461772012,0.26133319,0.308663592,0.714720308,0.25711483
RSTD,Utility,93,100,-130.6,NA,NA,267.2,278.86,0.435881547,0.780427941,0.681397346,0.8639773,0.736741891,2.122416098
RSTD,Utility,94,100,-77.84,NA,NA,161.68,173.34,0.975024477,0.799848799,4.332818228,0.836923169,0.99483926,1.588845421
RSTD,Utility,95,100,-189.76,NA,NA,385.52,397.18,0.723246149,0.62337863,0.456225722,0.303940226,0.960139916,0.382761617
RSTD,Utility,96,100,-187.08,NA,NA,380.16,391.82,0.323681307,0.444453429,0.446843124,0.345002349,0.810306962,0.562862494
RSTD,Utility,97,100,-203.78,NA,NA,413.56,425.22,0.52151065,0.409498472,0.118169202,0.433429043,0.303036083,1.158480952
RSTD,Utility,98,100,-194.2,NA,NA,394.4,406.06,0.418908317,0.978637759,0.211078093,0.593150403,0.791545959,0.253832733
RSTD,Utility,99,100,-99.39,NA,NA,204.78,216.44,0.789539839,0.418743935,2.493489913,0.336286237,0.659161398,4.999965346
RSTD,Utility,100,100,-198.66,NA,NA,403.32,414.98,0.956703608,0.607802341,0.108669339,0.568071806,0.700170211,0.314982571
Utility,TD,1,100,-189.85,NA,NA,383.7,391.47,0.28510789,0.724670133,1.435616042,0.270279152,0.282693648,NA
Utility,TD,2,100,-242.4,NA,NA,488.8,496.57,0.950232451,0.206436974,0.364579517,0.62268627,9.91E-08,NA
Utility,TD,3,100,-209.22,NA,NA,422.44,430.21,0.536011227,0.200363578,1.005684399,0.026897653,0.041360238,NA
Utility,TD,4,100,-226.43,NA,NA,456.86,464.63,0.321220334,0.649332832,0.142882495,0.084095284,0.027794838,NA
Utility,TD,5,100,-188.11,NA,NA,380.22,387.99,0.525106648,0.973066304,0.392999499,0.3526485,0.237640622,NA
Utility,TD,6,100,-91.14,NA,NA,186.28,194.05,0.895209939,0.943225271,3.353856489,0.8745005,2.267064065,NA
Utility,TD,7,100,-242.4,NA,NA,488.8,496.57,0.753931205,0.197620301,0.189836999,0.06022905,1.64E-07,NA
Utility,TD,8,100,-132.49,NA,NA,268.98,276.75,0.056064042,0.783013365,3.414416931,0.078279667,1.565985387,NA
Utility,TD,9,100,-189.71,NA,NA,383.42,391.19,0.479448032,0.989872475,0.208000437,0.546999589,0.1465652,NA
Utility,TD,10,100,-111.33,NA,NA,226.66,234.43,0.711294804,0.788163987,2.309730863,0.762514108,0.646417677,NA
Utility,TD,11,100,-117.3,NA,NA,238.6,246.37,0.504834934,0.797194604,2.505488173,0.326433012,0.710678856,NA
Utility,TD,12,100,-194.77,NA,NA,393.54,401.31,0.731893435,0.395451756,0.618170124,0.848937497,0.058166657,NA
Utility,TD,13,100,-192.25,NA,NA,388.5,396.27,0.27597738,0.511981163,2.391249828,0.262575346,0.212279087,NA
Utility,TD,14,100,-221.62,NA,NA,447.24,455.01,0.226354157,0.160335691,0.894037934,0.106159626,0.032478608,NA
Utility,TD,15,100,-110.2,NA,NA,224.4,232.17,0.315573724,0.984172471,1.696046736,0.287441577,0.971114252,NA
Utility,TD,16,100,-188.79,NA,NA,381.58,389.35,0.540354024,0.854036245,0.362152149,0.48360719,0.152761844,NA
Utility,TD,17,100,-198.81,NA,NA,401.62,409.39,0.663591618,0.066055891,1.975677816,0.810010746,0.056360918,NA
Utility,TD,18,100,-193.44,NA,NA,390.88,398.65,0.973287776,0.630256614,0.85552939,0.635872004,0.104697641,NA
Utility,TD,19,100,-190.87,NA,NA,385.74,393.51,0.340647829,0.98891032,0.211397309,0.544821314,0.139126398,NA
Utility,TD,20,100,-213.52,NA,NA,431.04,438.81,0.329378832,0.062854049,2.339677157,0.148824187,0.054474236,NA
Utility,TD,21,100,-242.4,NA,NA,488.8,496.57,0.285566802,0.050838586,0.410096169,0.059002807,4.60E-08,NA
Utility,TD,22,100,-195.12,NA,NA,394.24,402.01,0.684979063,0.438995203,0.685128961,0.829340337,0.074032168,NA
Utility,TD,23,100,-186.96,NA,NA,377.92,385.69,0.529962482,0.271155191,2.695036756,0.484486873,0.12802977,NA
Utility,TD,24,100,-203.89,NA,NA,411.78,419.55,0.779200295,0.728794122,0.160821524,0.820920485,0.046989482,NA
Utility,TD,25,100,-224.11,NA,NA,452.22,459.99,0.028121843,0.533772448,0.225168376,0.138244296,0.029461302,NA
Utility,TD,26,100,-217.94,NA,NA,439.88,447.65,0.12886257,0.170501331,1.375155286,0.034615853,0.043122326,NA
Utility,TD,27,100,-146.93,NA,NA,297.86,305.63,0.980796685,0.860091791,1.200172115,0.882306212,0.548323839,NA
Utility,TD,28,100,-242.4,NA,NA,488.8,496.57,0.633000508,0.959949327,0.024020249,0.220954563,1.77E-08,NA
Utility,TD,29,100,-192.21,NA,NA,388.42,396.19,0.234798391,0.405485673,3.895282304,0.093720517,0.208617445,NA
Utility,TD,30,100,-242.4,NA,NA,488.8,496.57,0.319981757,0.632078265,0.055958746,0.35422258,1.69E-07,NA
Utility,TD,31,100,-121.82,NA,NA,247.64,255.41,0.417691255,0.885661983,1.476226386,0.288954878,0.668991543,NA
Utility,TD,32,100,-242.4,NA,NA,488.8,496.57,0.119032545,0.605491037,0.045998277,0.018414115,1.84E-08,NA
Utility,TD,33,100,-106,NA,NA,216,223.77,0.82435292,0.753800751,2.898788968,0.773651367,0.723710966,NA
Utility,TD,34,100,-144.88,NA,NA,293.76,301.53,0.080542078,0.691564819,3.251044437,0.093395249,0.642351904,NA
Utility,TD,35,100,-193.35,NA,NA,390.7,398.47,0.788759883,0.407168375,0.881073235,0.692423099,0.078883639,NA
Utility,TD,36,100,-190.74,NA,NA,385.48,393.25,0.960197768,0.814909123,0.491239995,0.66642046,0.113915309,NA
Utility,TD,37,100,-242.4,NA,NA,488.8,496.57,0.983733647,0.387793876,0.184212701,0.096834488,2.42E-07,NA
Utility,TD,38,100,-187.13,NA,NA,378.26,386.03,0.640330957,0.661732342,1.101572242,0.494385707,0.165601548,NA
Utility,TD,39,100,-175.29,NA,NA,354.58,362.35,0.591888565,0.781977394,1.173358509,0.323093894,0.351329195,NA
Utility,TD,40,100,-198.13,NA,NA,400.26,408.03,0.185236022,0.9270173,0.406216487,0.458518215,0.134146198,NA
Utility,TD,41,100,-189.34,NA,NA,382.68,390.45,0.595247176,0.540940156,1.711589193,0.495454744,0.151259989,NA
Utility,TD,42,100,-242.4,NA,NA,488.8,496.57,0.26540178,0.195171547,0.226954525,0.045124978,3.74E-08,NA
Utility,TD,43,100,-242.32,NA,NA,488.64,496.41,0.604935176,0.398145136,0.048580125,0.098112393,2.08E-05,NA
Utility,TD,44,100,-191.08,NA,NA,386.16,393.93,0.47024403,0.685449249,0.648697707,0.484754369,0.14923944,NA
Utility,TD,45,100,-214.35,NA,NA,432.7,440.47,0.371720403,0.503097831,0.322839246,0.04307979,0.03823734,NA
Utility,TD,46,100,-242.4,NA,NA,488.8,496.57,0.361050225,0.370053819,0.17356707,0.06079278,2.03E-08,NA
Utility,TD,47,100,-122.77,NA,NA,249.54,257.31,0.594613759,0.789667063,2.045440037,0.404026315,0.623539164,NA
Utility,TD,48,100,-216.98,NA,NA,437.96,445.73,0.628910263,0.036939822,1.354085966,0.026882441,0.035089813,NA
Utility,TD,49,100,-191.36,NA,NA,386.72,394.49,0.254382239,0.857857149,0.936107956,0.260599427,0.281052348,NA
Utility,TD,50,100,-189.96,NA,NA,383.92,391.69,0.629901704,0.599634443,1.13030682,0.50392418,0.147193569,NA
Utility,TD,51,100,-189.37,NA,NA,382.74,390.51,0.958562755,0.446684151,1.468605189,0.619221245,0.091803236,NA
Utility,TD,52,100,-184.56,NA,NA,373.12,380.89,0.378760502,0.716149266,1.183828596,0.307997713,0.212026546,NA
Utility,TD,53,100,-211.15,NA,NA,426.3,434.07,0.843001339,0.428967847,0.430095954,0.823930832,0.040147939,NA
Utility,TD,54,100,-132.83,NA,NA,269.66,277.43,0.111280993,0.926345026,1.52358876,0.173747285,0.717937211,NA
Utility,TD,55,100,-102.21,NA,NA,208.42,216.19,0.231767057,0.779834398,3.557625862,0.250077947,1.019528144,NA
Utility,TD,56,100,-136.67,NA,NA,277.34,285.11,0.386252531,0.815260801,1.644740685,0.295534981,0.549078443,NA
Utility,TD,57,100,-229.4,NA,NA,462.8,470.57,0.652987489,0.6702823,0.116263606,0.825914628,0.023353777,NA
Utility,TD,58,100,-225.79,NA,NA,455.58,463.35,0.560497719,0.274772667,0.529099579,0.034004349,0.025846275,NA
Utility,TD,59,100,-191.54,NA,NA,387.08,394.85,0.59710633,0.589335348,0.931611172,0.468456734,0.141591809,NA
Utility,TD,60,100,-189.21,NA,NA,382.42,390.19,0.987134295,0.800411854,1.297647141,0.90360802,0.459225261,NA
Utility,TD,61,100,-242.4,NA,NA,488.8,496.57,0.718285635,0.565618214,0.064915997,0.051348659,2.08E-08,NA
Utility,TD,62,100,-212.71,NA,NA,429.42,437.19,0.12512722,0.773224814,0.583291863,0.379859205,0.074514678,NA
Utility,TD,63,100,-242.38,NA,NA,488.76,496.53,0.499009405,0.098831951,0.092432989,0.184712712,6.21E-06,NA
Utility,TD,64,100,-188.69,NA,NA,381.38,389.15,0.333673485,0.454882016,2.706964234,0.321443171,0.198983459,NA
Utility,TD,65,100,-242.35,NA,NA,488.7,496.47,0.810415167,0.018728345,0.165121834,0.684006937,1.37E-05,NA
Utility,TD,66,100,-227.39,NA,NA,458.78,466.55,0.461979309,0.296923782,0.458040716,0.042754363,0.026742665,NA
Utility,TD,67,100,-235.67,NA,NA,475.34,483.11,0.285626433,0.528872284,0.147296045,0.14234406,0.019144519,NA
Utility,TD,68,100,-193.04,NA,NA,390.08,397.85,0.732509627,0.600311974,0.449271725,0.706243697,0.079589791,NA
Utility,TD,69,100,-191.76,NA,NA,387.52,395.29,0.977929984,0.529096167,0.751786147,0.677139807,0.083429665,NA
Utility,TD,70,100,-238.18,NA,NA,480.36,488.13,0.98177182,0.159414227,0.477379389,0.153768813,0.015743861,NA
Utility,TD,71,100,-242.4,NA,NA,488.8,496.57,0.922829337,0.366323065,0.086443076,0.582347956,1.19E-07,NA
Utility,TD,72,100,-215.32,NA,NA,434.64,442.41,0.437475311,0.144657691,1.512042457,0.034646788,0.04537753,NA
Utility,TD,73,100,-146.88,NA,NA,297.76,305.53,0.081240393,0.858433881,1.576746266,0.152320826,0.620069156,NA
Utility,TD,74,100,-242.32,NA,NA,488.64,496.41,0.76906401,0.423705151,0.055009087,0.098112393,2.08E-05,NA
Utility,TD,75,100,-242.35,NA,NA,488.7,496.47,0.272335054,0.099244234,0.019572684,0.657297741,1.39E-05,NA
Utility,TD,76,100,-190,NA,NA,384,391.77,0.714246998,0.356464033,1.335081906,0.568248102,0.104875413,NA
Utility,TD,77,100,-200.07,NA,NA,404.14,411.91,0.1651053,0.620260003,2.117596302,0.206108903,0.262544598,NA
Utility,TD,78,100,-193.21,NA,NA,390.42,398.19,0.948594216,0.818483958,0.400698857,0.666572026,0.107998573,NA
Utility,TD,79,100,-242.4,NA,NA,488.8,496.57,0.641159481,0.713674182,0.041482872,0.061924199,3.55E-08,NA
Utility,TD,80,100,-135.81,NA,NA,275.62,283.39,0.602592711,0.79892313,1.657775987,0.413821782,0.593156207,NA
Utility,TD,81,100,-194.67,NA,NA,393.34,401.11,0.026832678,0.983408807,1.428271259,0.170978044,0.47843756,NA
Utility,TD,82,100,-242.38,NA,NA,488.76,496.53,0.39037489,0.210965644,0.070930112,0.184712712,6.21E-06,NA
Utility,TD,83,100,-242.4,NA,NA,488.8,496.57,0.909624357,0.065516321,0.479556284,0.07997112,6.26E-06,NA
Utility,TD,84,100,-180.9,NA,NA,365.8,373.57,0.89458572,0.928069569,0.784675158,0.825273554,0.4847352,NA
Utility,TD,85,100,-213.33,NA,NA,430.66,438.43,0.167125978,0.591124507,0.769183936,0.295367406,0.078275258,NA
Utility,TD,86,100,-242.4,NA,NA,488.8,496.57,0.096351532,0.187938303,0.166461431,0.001333282,5.62E-08,NA
Utility,TD,87,100,-77.84,NA,NA,159.68,167.45,0.81258235,0.879132094,4.40387531,0.837979776,1.606577856,NA
Utility,TD,88,100,-225.44,NA,NA,454.88,462.65,0.44896121,0.690639522,0.123227803,0.119489238,0.027106494,NA
Utility,TD,89,100,-198.12,NA,NA,400.24,408.01,0.352596259,0.519048273,0.771270071,0.490269164,0.08881492,NA
Utility,TD,90,100,-187.47,NA,NA,378.94,386.71,0.713129502,0.112127762,3.417423472,0.62921088,0.109083045,NA
Utility,TD,91,100,-242.4,NA,NA,488.8,496.57,0.102771485,0.098519151,0.348240172,0.133537731,4.99E-08,NA
Utility,TD,92,100,-229.28,NA,NA,462.56,470.33,0.149973102,0.461772012,0.26133319,0.132620556,0.024969232,NA
Utility,TD,93,100,-188.77,NA,NA,381.54,389.31,0.435881547,0.780427941,0.681397346,0.403304607,0.17093462,NA
Utility,TD,94,100,-84.99,NA,NA,173.98,181.75,0.975024477,0.799848799,4.332818228,0.883917291,2.605803728,NA
Utility,TD,95,100,-192.72,NA,NA,389.44,397.21,0.723246149,0.62337863,0.456225722,0.692125228,0.082451796,NA
Utility,TD,96,100,-221.48,NA,NA,446.96,454.73,0.323681307,0.444453429,0.446843124,0.04154833,0.039336444,NA
Utility,TD,97,100,-242.4,NA,NA,488.8,496.57,0.52151065,0.409498472,0.118169202,0.052376463,1.44E-08,NA
Utility,TD,98,100,-190.46,NA,NA,384.92,392.69,0.418908317,0.978637759,0.211078093,0.520259492,0.140934839,NA
Utility,TD,99,100,-188.69,NA,NA,381.38,389.15,0.789539839,0.418743935,2.493489913,0.496122302,0.146005051,NA
Utility,TD,100,100,-233.51,NA,NA,471.02,478.79,0.956703608,0.607802341,0.108669339,0.879173542,0.019903877,NA
Utility,RSTD,1,100,-182.66,NA,NA,371.32,382.98,0.28510789,0.724670133,1.435616042,0.761860843,0.284304248,0.170698581
Utility,RSTD,2,100,-240.33,NA,NA,486.66,498.32,0.950232451,0.206436974,0.364579517,0.999999172,0.776019311,0.01339243
Utility,RSTD,3,100,-208.18,NA,NA,422.36,434.02,0.536011227,0.200363578,1.005684399,0.963953222,0.16258449,0.039425527
Utility,RSTD,4,100,-228.51,NA,NA,463.02,474.68,0.321220334,0.649332832,0.142882495,0.810809468,0.262495355,0.024595908
Utility,RSTD,5,100,-187.82,NA,NA,381.64,393.3,0.525106648,0.973066304,0.392999499,0.384033793,0.342253686,0.224671608
Utility,RSTD,6,100,-91.26,NA,NA,188.52,200.18,0.895209939,0.943225271,3.353856489,0.787598237,0.847211586,1.20906059
Utility,RSTD,7,100,-242.4,NA,NA,490.8,502.46,0.753931205,0.197620301,0.189836999,0.239356448,0.039313025,2.01E-07
Utility,RSTD,8,100,-130.05,NA,NA,266.1,277.76,0.056064042,0.783013365,3.414416931,0.227345762,0.126005011,0.876891465
Utility,RSTD,9,100,-188.75,NA,NA,383.5,395.16,0.479448032,0.989872475,0.208000437,0.672998822,0.511761539,0.125145847
Utility,RSTD,10,100,-111.69,NA,NA,229.38,241.04,0.711294804,0.788163987,2.309730863,0.648670507,0.710646098,0.658916397
Utility,RSTD,11,100,-111.85,NA,NA,229.7,241.36,0.504834934,0.797194604,2.505488173,0.749440746,0.414877567,0.792709773
Utility,RSTD,12,100,-190.7,NA,NA,387.4,399.06,0.731893435,0.395451756,0.618170124,0.999552864,0.529002166,0.064723885
Utility,RSTD,13,100,-183.91,NA,NA,373.82,385.48,0.27597738,0.511981163,2.391249828,0.82053303,0.219209137,0.100257619
Utility,RSTD,14,100,-220.21,NA,NA,446.42,458.08,0.226354157,0.160335691,0.894037934,0.582819705,0.145134021,0.032221641
Utility,RSTD,15,100,-103.44,NA,NA,212.88,224.54,0.315573724,0.984172471,1.696046736,0.684591063,0.37291268,0.959289312
Utility,RSTD,16,100,-188.52,NA,NA,383.04,394.7,0.540354024,0.854036245,0.362152149,0.606185393,0.468660354,0.13420704
Utility,RSTD,17,100,-197.07,NA,NA,400.14,411.8,0.663591618,0.066055891,1.975677816,0.999997199,0.593782887,0.054977151
Utility,RSTD,18,100,-193.44,NA,NA,392.88,404.54,0.973287776,0.630256614,0.85552939,0.629049298,0.621456907,0.105095312
Utility,RSTD,19,100,-190.01,NA,NA,386.02,397.68,0.340647829,0.98891032,0.211397309,0.634938605,0.491434656,0.118187879
Utility,RSTD,20,100,-210.17,NA,NA,426.34,438,0.329378832,0.062854049,2.339677157,0.48451947,0.163910029,0.052744697
Utility,RSTD,21,100,-242.4,NA,NA,490.8,502.46,0.285566802,0.050838586,0.410096169,0.058749771,0.064388425,6.01E-08
Utility,RSTD,22,100,-193.73,NA,NA,393.46,405.12,0.684979063,0.438995203,0.685128961,0.998741623,0.829746913,0.072374151
Utility,RSTD,23,100,-185.04,NA,NA,376.08,387.74,0.529962482,0.271155191,2.695036756,0.805568897,0.394633764,0.095816236
Utility,RSTD,24,100,-202.94,NA,NA,411.88,423.54,0.779200295,0.728794122,0.160821524,0.999995573,0.771423522,0.048478576
Utility,RSTD,25,100,-223.9,NA,NA,453.8,465.46,0.028121843,0.533772448,0.225168376,0.19560511,0.090216068,0.028087836
Utility,RSTD,26,100,-216.93,NA,NA,439.86,451.52,0.12886257,0.170501331,1.375155286,0.571651768,0.134889858,0.044525962
Utility,RSTD,27,100,-143.59,NA,NA,293.18,304.84,0.980796685,0.860091791,1.200172115,0.9594454,0.861696186,0.54700094
Utility,RSTD,28,100,-242.4,NA,NA,490.8,502.46,0.633000508,0.959949327,0.024020249,0.033546905,0.728397316,7.05E-10
Utility,RSTD,29,100,-178.77,NA,NA,363.54,375.2,0.234798391,0.405485673,3.895282304,0.600084008,0.12936613,0.113109196
Utility,RSTD,30,100,-242.4,NA,NA,490.8,502.46,0.319981757,0.632078265,0.055958746,0.410494985,0.252981824,2.31E-07
Utility,RSTD,31,100,-116.83,NA,NA,239.66,251.32,0.417691255,0.885661983,1.476226386,0.909998756,0.420962312,0.699847937
Utility,RSTD,32,100,-242.4,NA,NA,490.8,502.46,0.119032545,0.605491037,0.045998277,0.649347802,0.059661567,2.02E-07
Utility,RSTD,33,100,-106.52,NA,NA,219.04,230.7,0.82435292,0.753800751,2.898788968,0.682681619,0.7444722,0.68529458
Utility,RSTD,34,100,-140.47,NA,NA,286.94,298.6,0.080542078,0.691564819,3.251044437,0.194704555,0.121478879,0.537776003
Utility,RSTD,35,100,-190.95,NA,NA,387.9,399.56,0.788759883,0.407168375,0.881073235,0.939757496,0.562345307,0.073356499
Utility,RSTD,36,100,-190.89,NA,NA,387.78,399.44,0.960197768,0.814909123,0.491239995,0.646189971,0.63813428,0.106165982
Utility,RSTD,37,100,-242.4,NA,NA,490.8,502.46,0.983733647,0.387793876,0.184212701,0.425229725,0.512078048,3.08E-08
Utility,RSTD,38,100,-184.86,NA,NA,375.72,387.38,0.640330957,0.661732342,1.101572242,0.73375705,0.459978312,0.136754314
Utility,RSTD,39,100,-176.22,NA,NA,358.44,370.1,0.591888565,0.781977394,1.173358509,0.495886643,0.412402525,0.273658612
Utility,RSTD,40,100,-195.66,NA,NA,397.32,408.98,0.185236022,0.9270173,0.406216487,0.617466624,0.390387344,0.116355873
Utility,RSTD,41,100,-186.49,NA,NA,378.98,390.64,0.595247176,0.540940156,1.711589193,0.743816073,0.437219333,0.118350296
Utility,RSTD,42,100,-242.4,NA,NA,490.8,502.46,0.26540178,0.195171547,0.226954525,0.593346295,0.071246187,9.85E-08
Utility,RSTD,43,100,-242.33,NA,NA,490.66,502.32,0.604935176,0.398145136,0.048580125,0.428811933,0.795823626,0.000117358
Utility,RSTD,44,100,-189.35,NA,NA,384.7,396.36,0.47024403,0.685449249,0.648697707,0.661319267,0.417456556,0.125979907
Utility,RSTD,45,100,-215.15,NA,NA,436.3,447.96,0.371720403,0.503097831,0.322839246,0.656766503,0.190315175,0.036245951
Utility,RSTD,46,100,-242.4,NA,NA,490.8,502.46,0.361050225,0.370053819,0.17356707,0.210629673,0.690335726,6.20E-07
Utility,RSTD,47,100,-122.34,NA,NA,250.68,262.34,0.594613759,0.789667063,2.045440037,0.906045067,0.498990652,0.643105681
Utility,RSTD,48,100,-217.4,NA,NA,440.8,452.46,0.628910263,0.036939822,1.354085966,0.655199548,0.103363171,0.033718222
Utility,RSTD,49,100,-191.03,NA,NA,388.06,399.72,0.254382239,0.857857149,0.936107956,0.283312173,0.253452556,0.273900849
Utility,RSTD,50,100,-187.55,NA,NA,381.1,392.76,0.629901704,0.599634443,1.13030682,0.730325104,0.448000184,0.1200592
Utility,RSTD,51,100,-189.47,NA,NA,384.94,396.6,0.958562755,0.446684151,1.468605189,0.606557884,0.570970242,0.097164644
Utility,RSTD,52,100,-180.69,NA,NA,367.38,379.04,0.378760502,0.716149266,1.183828596,0.652731991,0.279577912,0.129578102
Utility,RSTD,53,100,-209.49,NA,NA,424.98,436.64,0.843001339,0.428967847,0.430095954,0.998885537,0.592998871,0.039578738
Utility,RSTD,54,100,-132.84,NA,NA,271.68,283.34,0.111280993,0.926345026,1.52358876,0.177210367,0.176751016,0.702391096
Utility,RSTD,55,100,-87.23,NA,NA,180.46,192.12,0.231767057,0.779834398,3.557625862,0.735677932,0.330249823,1.014230544
Utility,RSTD,56,100,-131.41,NA,NA,268.82,280.48,0.386252531,0.815260801,1.644740685,0.901227871,0.412699788,0.5486815
Utility,RSTD,57,100,-228.69,NA,NA,463.38,475.04,0.652987489,0.6702823,0.116263606,0.843531155,0.311396908,0.024672572
Utility,RSTD,58,100,-226.37,NA,NA,458.74,470.4,0.560497719,0.274772667,0.529099579,0.88071473,0.239190762,0.028233518
Utility,RSTD,59,100,-189.45,NA,NA,384.9,396.56,0.59710633,0.589335348,0.931611172,0.836295583,0.444476856,0.105231738
Utility,RSTD,60,100,-181.91,NA,NA,369.82,381.48,0.987134295,0.800411854,1.297647141,0.985126218,0.846764532,0.448588542
Utility,RSTD,61,100,-242.4,NA,NA,490.8,502.46,0.718285635,0.565618214,0.064915997,0.185306015,0.690449257,6.89E-10
Utility,RSTD,62,100,-208.54,NA,NA,423.08,434.74,0.12512722,0.773224814,0.583291863,0.786949725,0.250330941,0.068868363
Utility,RSTD,63,100,-242.35,NA,NA,490.7,502.36,0.499009405,0.098831951,0.092432989,0.428811933,0.795823626,0.000117358
Utility,RSTD,64,100,-182.46,NA,NA,370.92,382.58,0.333673485,0.454882016,2.706964234,0.629567062,0.266028125,0.130628532
Utility,RSTD,65,100,-242.3,NA,NA,490.6,502.26,0.810415167,0.018728345,0.165121834,0.268246576,0.013610491,0.000125484
Utility,RSTD,66,100,-229.08,NA,NA,464.16,475.82,0.461979309,0.296923782,0.458040716,0.946512172,0.312534574,0.023652148
Utility,RSTD,67,100,-242.4,NA,NA,490.8,502.46,0.285626433,0.528872284,0.147296045,0.82834936,0.550209955,1.17E-07
Utility,RSTD,68,100,-190.43,NA,NA,386.86,398.52,0.732509627,0.600311974,0.449271725,0.93401046,0.575972535,0.076349962
Utility,RSTD,69,100,-191.46,NA,NA,388.92,400.58,0.977929984,0.529096167,0.751786147,0.790074087,0.651619774,0.077283787
Utility,RSTD,70,100,-242.4,NA,NA,490.8,502.46,0.98177182,0.159414227,0.477379389,0.032529993,0.71873371,3.69E-07
Utility,RSTD,71,100,-242.4,NA,NA,490.8,502.46,0.922829337,0.366323065,0.086443076,0.407298268,0.252349653,2.35E-07
Utility,RSTD,72,100,-214.35,NA,NA,434.7,446.36,0.437475311,0.144657691,1.512042457,0.985238019,0.204993116,0.041235684
Utility,RSTD,73,100,-138.64,NA,NA,283.28,294.94,0.081240393,0.858433881,1.576746266,0.263473261,0.159200123,0.578057236
Utility,RSTD,74,100,-242.28,NA,NA,490.56,502.22,0.76906401,0.423705151,0.055009087,0.778075458,0.612660803,3.57E-05
Utility,RSTD,75,100,-242.3,NA,NA,490.6,502.26,0.272335054,0.099244234,0.019572684,0.778075458,0.612660803,3.57E-05
Utility,RSTD,76,100,-187.63,NA,NA,381.26,392.92,0.714246998,0.356464033,1.335081906,0.847627748,0.53480155,0.089956841
Utility,RSTD,77,100,-185.41,NA,NA,376.82,388.48,0.1651053,0.620260003,2.117596302,0.672205635,0.155668195,0.112104237
Utility,RSTD,78,100,-193.59,NA,NA,393.18,404.84,0.948594216,0.818483958,0.400698857,0.681147874,0.689479962,0.123159713
Utility,RSTD,79,100,-242.4,NA,NA,490.8,502.46,0.641159481,0.713674182,0.041482872,0.814990968,0.565496223,3.52E-08
Utility,RSTD,80,100,-136.46,NA,NA,278.92,290.58,0.602592711,0.79892313,1.657775987,0.488916314,0.453200113,0.62551714
Utility,RSTD,81,100,-191.41,NA,NA,388.82,400.48,0.026832678,0.983408807,1.428271259,0.151863014,0.21067151,0.505048907
Utility,RSTD,82,100,-242.29,NA,NA,490.58,502.24,0.39037489,0.210965644,0.070930112,0.778075458,0.612660803,3.57E-05
Utility,RSTD,83,100,-242.4,NA,NA,490.8,502.46,0.909624357,0.065516321,0.479556284,0.169627951,0.499867473,6.77E-10
Utility,RSTD,84,100,-179.27,NA,NA,364.54,376.2,0.89458572,0.928069569,0.784675158,0.883920643,0.803033498,0.46415352
Utility,RSTD,85,100,-206.68,NA,NA,419.36,431.02,0.167125978,0.591124507,0.769183936,0.840725204,0.221267198,0.061611373
Utility,RSTD,86,100,-242.4,NA,NA,490.8,502.46,0.096351532,0.187938303,0.166461431,0.055072582,0.058955761,6.46E-10
Utility,RSTD,87,100,-78.11,NA,NA,162.22,173.88,0.81258235,0.879132094,4.40387531,0.417391452,0.712342627,3.302832124
Utility,RSTD,88,100,-224.33,NA,NA,454.66,466.32,0.44896121,0.690639522,0.123227803,0.862992394,0.275237951,0.027945506
Utility,RSTD,89,100,-191.07,NA,NA,388.14,399.8,0.352596259,0.519048273,0.771270071,0.798745004,0.372444186,0.092348182
Utility,RSTD,90,100,-184.51,NA,NA,375.02,386.68,0.713129502,0.112127762,3.417423472,0.826840979,0.500373632,0.100764508
Utility,RSTD,91,100,-242.4,NA,NA,490.8,502.46,0.102771485,0.098519151,0.348240172,0.679756315,0.052791766,2.03E-07
Utility,RSTD,92,100,-226.93,NA,NA,459.86,471.52,0.149973102,0.461772012,0.26133319,0.821728669,0.148833319,0.025298474
Utility,RSTD,93,100,-186.52,NA,NA,379.04,390.7,0.435881547,0.780427941,0.681397346,0.68788428,0.368182713,0.129475425
Utility,RSTD,94,100,-85.03,NA,NA,176.06,187.72,0.975024477,0.799848799,4.332818228,0.775909585,0.871606072,1.984043144
Utility,RSTD,95,100,-190.37,NA,NA,386.74,398.4,0.723246149,0.62337863,0.456225722,0.935378263,0.57925668,0.075748775
Utility,RSTD,96,100,-221.81,NA,NA,449.62,461.28,0.323681307,0.444453429,0.446843124,0.811483015,0.222154997,0.036177376
Utility,RSTD,97,100,-242.4,NA,NA,490.8,502.46,0.52151065,0.409498472,0.118169202,0.737443811,0.588815598,2.26E-07
Utility,RSTD,98,100,-189.77,NA,NA,385.54,397.2,0.418908317,0.978637759,0.211078093,0.637220391,0.494417782,0.128435252
Utility,RSTD,99,100,-188.38,NA,NA,382.76,394.42,0.789539839,0.418743935,2.493489913,0.587779728,0.45661858,0.124838817
Utility,RSTD,100,100,-233.4,NA,NA,472.8,484.46,0.956703608,0.607802341,0.108669339,0.303397278,0.608823265,0.021677888
Utility,Utility,1,100,-186.79,NA,NA,379.58,391.24,0.28510789,0.724670133,1.435616042,0.297959008,0.56338484,1.63147552
Utility,Utility,2,100,-240.22,NA,NA,486.44,498.1,0.950232451,0.206436974,0.364579517,0.999999771,0.218588665,0.222592126
Utility,Utility,3,100,-210.34,NA,NA,426.68,438.34,0.536011227,0.200363578,1.005684399,0.06825863,0.04177582,1.228573625
Utility,Utility,4,100,-226.67,NA,NA,459.34,471,0.321220334,0.649332832,0.142882495,0.069184132,3.29E-08,1.029563648
Utility,Utility,5,100,-188.82,NA,NA,383.64,395.3,0.525106648,0.973066304,0.392999499,0.347507763,0.925551,0.331806477
Utility,Utility,6,100,-91.22,NA,NA,188.44,200.1,0.895209939,0.943225271,3.353856489,0.871417116,0.973139886,1.700041545
Utility,Utility,7,100,-242.4,NA,NA,490.8,502.46,0.753931205,0.197620301,0.189836999,0.236825904,0.133941211,8.11E-08
Utility,Utility,8,100,-129.94,NA,NA,265.88,277.54,0.056064042,0.783013365,3.414416931,0.092724842,0.783401849,3.605907613
Utility,Utility,9,100,-191.11,NA,NA,388.22,399.88,0.479448032,0.989872475,0.208000437,0.568938942,0.734432505,0.400207491
Utility,Utility,10,100,-111.3,NA,NA,228.6,240.26,0.711294804,0.788163987,2.309730863,0.77716003,0.93732222,0.863187831
Utility,Utility,11,100,-113.81,NA,NA,233.62,245.28,0.504834934,0.797194604,2.505488173,0.418376253,0.612285054,4.997937074
Utility,Utility,12,100,-194.49,NA,NA,394.98,406.64,0.731893435,0.395451756,0.618170124,0.866124913,0.363462666,0.612426099
Utility,Utility,13,100,-181.73,NA,NA,369.46,381.12,0.27597738,0.511981163,2.391249828,0.417004518,0.076538454,4.999998872
Utility,Utility,14,100,-221.83,NA,NA,449.66,461.32,0.226354157,0.160335691,0.894037934,0.111384243,0.252926193,0.461376501
Utility,Utility,15,100,-105.01,NA,NA,216.02,227.68,0.315573724,0.984172471,1.696046736,0.352341101,0.666155861,4.99997259
Utility,Utility,16,100,-189.19,NA,NA,384.38,396.04,0.540354024,0.854036245,0.362152149,0.490691573,0.763849835,0.374158053
Utility,Utility,17,100,-197.05,NA,NA,400.1,411.76,0.663591618,0.066055891,1.975677816,0.858076252,0.065119915,1.621082387
Utility,Utility,18,100,-195.37,NA,NA,396.74,408.4,0.973287776,0.630256614,0.85552939,0.733599838,0.640910256,0.434667258
Utility,Utility,19,100,-191.1,NA,NA,388.2,399.86,0.340647829,0.98891032,0.211397309,0.549331753,0.775936474,0.32210147
Utility,Utility,20,100,-212.07,NA,NA,430.14,441.8,0.329378832,0.062854049,2.339677157,0.183792315,0.216866471,0.911076039
Utility,Utility,21,100,-242.4,NA,NA,490.8,502.46,0.285566802,0.050838586,0.410096169,0.581180526,0.099181455,8.35E-08
Utility,Utility,22,100,-196.1,NA,NA,398.2,409.86,0.684979063,0.438995203,0.685128961,0.800027512,0.383542733,0.781808995
Utility,Utility,23,100,-182.12,NA,NA,370.24,381.9,0.529962482,0.271155191,2.695036756,0.561474701,0.171345891,2.867689175
Utility,Utility,24,100,-203.96,NA,NA,413.92,425.58,0.779200295,0.728794122,0.160821524,0.824199155,0.274148235,0.657369885
Utility,Utility,25,100,-224.07,NA,NA,454.14,465.8,0.028121843,0.533772448,0.225168376,0.147370849,0.303217572,0.370581706
Utility,Utility,26,100,-218.15,NA,NA,442.3,453.96,0.12886257,0.170501331,1.375155286,0.078106385,7.43E-08,1.518854204
Utility,Utility,27,100,-147.14,NA,NA,300.28,311.94,0.980796685,0.860091791,1.200172115,0.930157914,0.609973344,3.685827684
Utility,Utility,28,100,-241.14,NA,NA,488.28,499.94,0.633000508,0.959949327,0.024020249,0.912698543,0.162608616,0.271081969
Utility,Utility,29,100,-183.36,NA,NA,372.72,384.38,0.234798391,0.405485673,3.895282304,0.164450061,0.161205144,3.889144398
Utility,Utility,30,100,-242.4,NA,NA,490.8,502.46,0.319981757,0.632078265,0.055958746,0.660419212,0.018967587,2.78E-07
Utility,Utility,31,100,-119.01,NA,NA,244.02,255.68,0.417691255,0.885661983,1.476226386,0.390209001,0.600926942,4.95536617
Utility,Utility,32,100,-242.4,NA,NA,490.8,502.46,0.119032545,0.605491037,0.045998277,0.619754075,0.085214777,2.20E-07
Utility,Utility,33,100,-105.77,NA,NA,217.54,229.2,0.82435292,0.753800751,2.898788968,0.819435426,0.81466937,1.729932452
Utility,Utility,34,100,-142.24,NA,NA,290.48,302.14,0.080542078,0.691564819,3.251044437,0.116947818,0.738104424,2.085253152
Utility,Utility,35,100,-193.1,NA,NA,392.2,403.86,0.788759883,0.407168375,0.881073235,0.783640584,0.12550019,1.758138965
Utility,Utility,36,100,-192.3,NA,NA,390.6,402.26,0.960197768,0.814909123,0.491239995,0.688188778,0.833252612,0.237812778
Utility,Utility,37,100,-241.26,NA,NA,488.52,500.18,0.983733647,0.387793876,0.184212701,0.999999903,0.023101564,0.495473574
Utility,Utility,38,100,-187.02,NA,NA,380.04,391.7,0.640330957,0.661732342,1.101572242,0.511086058,0.783751688,0.386388577
Utility,Utility,39,100,-175.39,NA,NA,356.78,368.44,0.591888565,0.781977394,1.173358509,0.312325117,0.993552868,0.361217486
Utility,Utility,40,100,-195.54,NA,NA,397.08,408.74,0.185236022,0.9270173,0.406216487,0.56814443,0.286816831,1.887030267
Utility,Utility,41,100,-188.66,NA,NA,383.32,394.98,0.595247176,0.540940156,1.711589193,0.520571489,0.652360775,0.57626901
Utility,Utility,42,100,-242.4,NA,NA,490.8,502.46,0.26540178,0.195171547,0.226954525,1.73E-06,0.608928865,4.92E-07
Utility,Utility,43,100,-242.39,NA,NA,490.78,502.44,0.604935176,0.398145136,0.048580125,0.319072273,7.00E-07,2.55E-06
Utility,Utility,44,100,-189.51,NA,NA,385.02,396.68,0.47024403,0.685449249,0.648697707,0.498667226,0.649077826,0.55035876
Utility,Utility,45,100,-214.63,NA,NA,435.26,446.92,0.371720403,0.503097831,0.322839246,0.0772776,0.03043281,1.213317881
Utility,Utility,46,100,-242.12,NA,NA,490.24,501.9,0.361050225,0.370053819,0.17356707,0.004128223,0.01545947,0.411624891
Utility,Utility,47,100,-122.83,NA,NA,251.66,263.32,0.594613759,0.789667063,2.045440037,0.42413408,0.881456661,1.05151231
Utility,Utility,48,100,-217.92,NA,NA,441.84,453.5,0.628910263,0.036939822,1.354085966,0.064611064,0.101881505,0.845412176
Utility,Utility,49,100,-191.4,NA,NA,388.8,400.46,0.254382239,0.857857149,0.936107956,0.258343591,0.893814983,0.447159575
Utility,Utility,50,100,-189.01,NA,NA,384.02,395.68,0.629901704,0.599634443,1.13030682,0.531371858,0.652528667,0.573594223
Utility,Utility,51,100,-189.1,NA,NA,384.2,395.86,0.958562755,0.446684151,1.468605189,0.62130368,0.303483131,1.13285634
Utility,Utility,52,100,-182.01,NA,NA,370.02,381.68,0.378760502,0.716149266,1.183828596,0.334557331,0.651917899,0.819247447
Utility,Utility,53,100,-210.01,NA,NA,426.02,437.68,0.843001339,0.428967847,0.430095954,0.84844001,0.035678148,1.286052136
Utility,Utility,54,100,-133.21,NA,NA,272.42,284.08,0.111280993,0.926345026,1.52358876,0.1723505,0.972566639,0.845120183
Utility,Utility,55,100,-92.21,NA,NA,190.42,202.08,0.231767057,0.779834398,3.557625862,0.308506901,0.662202403,4.999992473
Utility,Utility,56,100,-133.15,NA,NA,272.3,283.96,0.386252531,0.815260801,1.644740685,0.399543398,0.554193866,4.999997502
Utility,Utility,57,100,-229.68,NA,NA,465.36,477.02,0.652987489,0.6702823,0.116263606,0.968372264,0.243164444,0.349375687
Utility,Utility,58,100,-226.79,NA,NA,459.58,471.24,0.560497719,0.274772667,0.529099579,0.064061269,0.227361184,0.394867014
Utility,Utility,59,100,-189.5,NA,NA,385,396.66,0.59710633,0.589335348,0.931611172,0.540914245,0.346554499,1.706714241
Utility,Utility,60,100,-189.45,NA,NA,384.9,396.56,0.987134295,0.800411854,1.297647141,0.947321031,0.576640183,3.654230928
Utility,Utility,61,100,-242.4,NA,NA,490.8,502.46,0.718285635,0.565618214,0.064915997,0.115790151,0.059938719,5.07E-09
Utility,Utility,62,100,-209.46,NA,NA,424.92,436.58,0.12512722,0.773224814,0.583291863,0.431028126,0.041926558,2.74448593
Utility,Utility,63,100,-242.28,NA,NA,490.56,502.22,0.499009405,0.098831951,0.092432989,0.039156426,5.15E-07,3.43E-05
Utility,Utility,64,100,-178.85,NA,NA,363.7,375.36,0.333673485,0.454882016,2.706964234,0.470260707,0.188976079,4.999999002
Utility,Utility,65,100,-242.34,NA,NA,490.68,502.34,0.810415167,0.018728345,0.165121834,4.20E-06,1.30E-06,1.55E-05
Utility,Utility,66,100,-227.67,NA,NA,461.34,473,0.461979309,0.296923782,0.458040716,0.062824849,2.92E-07,0.99046784
Utility,Utility,67,100,-232.75,NA,NA,471.5,483.16,0.285626433,0.528872284,0.147296045,0.03492156,0.196980382,0.420114923
Utility,Utility,68,100,-193.03,NA,NA,392.06,403.72,0.732509627,0.600311974,0.449271725,0.782167688,0.302554892,0.900714181
Utility,Utility,69,100,-190.83,NA,NA,387.66,399.32,0.977929984,0.529096167,0.751786147,0.751059484,0.144014697,1.807850069
Utility,Utility,70,100,-238.03,NA,NA,482.06,493.72,0.98177182,0.159414227,0.477379389,0.935865292,0.050003639,0.477060419
Utility,Utility,71,100,-242.4,NA,NA,490.8,502.46,0.922829337,0.366323065,0.086443076,0.584694214,2.22E-06,3.05E-07
Utility,Utility,72,100,-215.53,NA,NA,437.06,448.72,0.437475311,0.144657691,1.512042457,0.052644803,2.29E-07,1.825136589
Utility,Utility,73,100,-142.7,NA,NA,291.4,303.06,0.081240393,0.858433881,1.576746266,0.169096656,0.701691219,2.475028694
Utility,Utility,74,100,-242.38,NA,NA,490.76,502.42,0.76906401,0.423705151,0.055009087,0.985428263,1.78E-06,5.49E-06
Utility,Utility,75,100,-242.38,NA,NA,490.76,502.42,0.272335054,0.099244234,0.019572684,0.942806313,1.73E-07,4.17E-06
Utility,Utility,76,100,-190.49,NA,NA,386.98,398.64,0.714246998,0.356464033,1.335081906,0.50735177,0.653062154,0.345380351
Utility,Utility,77,100,-192.41,NA,NA,390.82,402.48,0.1651053,0.620260003,2.117596302,0.346766342,0.319654831,2.962174739
Utility,Utility,78,100,-195.67,NA,NA,397.34,409,0.948594216,0.818483958,0.400698857,0.672429181,0.699806907,0.384457798
Utility,Utility,79,100,-242.4,NA,NA,490.8,502.46,0.641159481,0.713674182,0.041482872,0.151427141,0.352999255,2.08E-07
Utility,Utility,80,100,-134.07,NA,NA,274.14,285.8,0.602592711,0.79892313,1.657775987,0.524710472,0.560250829,4.999998568
Utility,Utility,81,100,-194.68,NA,NA,395.36,407.02,0.026832678,0.983408807,1.428271259,0.172753331,0.999999623,0.478909726
Utility,Utility,82,100,-242.28,NA,NA,490.56,502.22,0.39037489,0.210965644,0.070930112,0.039156426,5.15E-07,3.43E-05
Utility,Utility,83,100,-242.4,NA,NA,490.8,502.46,0.909624357,0.065516321,0.479556284,0.355194008,0.053330835,2.82E-07
Utility,Utility,84,100,-180.83,NA,NA,367.66,379.32,0.89458572,0.928069569,0.784675158,0.845114442,0.888988333,0.815303616
Utility,Utility,85,100,-209.22,NA,NA,424.44,436.1,0.167125978,0.591124507,0.769183936,0.410203242,3.62E-08,2.676550683
Utility,Utility,86,100,-242.4,NA,NA,490.8,502.46,0.096351532,0.187938303,0.166461431,0.025872984,0.169227576,2.08E-07
Utility,Utility,87,100,-77.84,NA,NA,161.68,173.34,0.81258235,0.879132094,4.40387531,0.836923169,0.99483926,1.588845421
Utility,Utility,88,100,-225.26,NA,NA,456.52,468.18,0.44896121,0.690639522,0.123227803,0.091375297,1.37E-08,1.058344547
Utility,Utility,89,100,-193.54,NA,NA,393.08,404.74,0.352596259,0.519048273,0.771270071,0.583943967,8.41E-08,3.34218831
Utility,Utility,90,100,-185.06,NA,NA,376.12,387.78,0.713129502,0.112127762,3.417423472,0.728506063,0.297014474,1.97805456
Utility,Utility,91,100,-242.4,NA,NA,490.8,502.46,0.102771485,0.098519151,0.348240172,0.054775467,0.324612806,6.24E-07
Utility,Utility,92,100,-228.96,NA,NA,463.92,475.58,0.149973102,0.461772012,0.26133319,0.084057224,0.030348525,0.829085114
Utility,Utility,93,100,-187.35,NA,NA,380.7,392.36,0.435881547,0.780427941,0.681397346,0.383216636,0.75923255,0.427261067
Utility,Utility,94,100,-84.85,NA,NA,175.7,187.36,0.975024477,0.799848799,4.332818228,0.892289786,0.948839198,4.224162554
Utility,Utility,95,100,-192.96,NA,NA,391.92,403.58,0.723246149,0.62337863,0.456225722,0.785117806,0.160346463,1.589088698
Utility,Utility,96,100,-222.8,NA,NA,451.6,463.26,0.323681307,0.444453429,0.446843124,0.095146912,0.040673386,1.295417757
Utility,Utility,97,100,-242.4,NA,NA,490.8,502.46,0.52151065,0.409498472,0.118169202,0.858540449,0.218129087,4.20E-09
Utility,Utility,98,100,-191.14,NA,NA,388.28,399.94,0.418908317,0.978637759,0.211078093,0.514807032,0.832431136,0.273677489
Utility,Utility,99,100,-188.18,NA,NA,382.36,394.02,0.789539839,0.418743935,2.493489913,0.523184612,0.732321044,0.393233226
Utility,Utility,100,100,-233.21,NA,NA,472.42,484.08,0.956703608,0.607802341,0.108669339,0.882643052,0.173547876,0.401464148
